"","A","B","C","D","E","F","G","H","I","J"
"1",0,0,0,0,1,0,1,0,1,1
"2",0,1,0,0,0,0,1,0,1,1
"3",0,0,0,0,0,0,1,1,1,1
"4",0,0,0,0,1,0,0,1,0,1
"5",0,0,0,0,1,0,0,0,1,1
"6",0,0,0,1,0,0,1,0,0,1
"7",0,0,0,1,0,0,1,1,1,0
"8",0,0,0,1,1,0,1,1,0,1
"9",0,0,0,0,0,1,1,1,1,1
"10",0,0,0,1,0,0,0,0,0,1
"11",1,0,0,0,1,0,1,0,1,1
"12",1,0,0,0,0,0,0,1,1,1
"13",1,0,0,1,0,1,1,1,1,0
"14",0,0,1,0,0,1,1,1,0,1
"15",0,0,0,0,1,1,0,0,1,1
"16",0,1,0,0,0,0,0,1,0,1
"17",0,0,0,0,1,0,1,0,1,1
"18",0,0,0,0,1,0,1,1,1,1
"19",0,0,0,0,0,1,1,1,0,1
"20",0,0,0,0,0,0,1,1,1,1
"21",0,0,0,0,0,1,1,0,0,1
"22",0,0,0,0,0,0,0,0,1,0
"23",0,0,0,0,1,0,1,1,1,1
"24",0,0,0,1,1,0,0,0,1,0
"25",0,0,0,0,0,0,1,1,1,1
"26",0,0,0,0,1,1,1,0,1,1
"27",0,0,0,0,1,0,0,1,1,1
"28",0,0,0,0,1,0,1,0,1,1
"29",0,0,1,1,0,0,0,0,1,1
"30",1,0,0,0,0,1,1,0,1,1
"31",0,0,0,0,0,0,1,1,1,0
"32",0,0,0,0,1,0,1,1,1,1
"33",0,0,0,1,1,0,0,1,0,1
"34",0,0,0,0,0,0,1,1,1,1
"35",0,0,0,0,0,0,1,1,1,1
"36",0,1,0,1,0,0,0,1,1,1
"37",0,0,0,0,0,1,1,1,1,0
"38",0,0,0,0,1,0,1,1,1,1
"39",0,0,1,0,0,1,1,0,1,1
"40",0,0,0,0,1,0,1,0,0,1
"41",0,0,0,0,0,0,1,1,1,1
"42",0,0,0,1,1,0,1,0,0,1
"43",0,0,0,0,0,0,1,0,1,1
"44",0,0,0,1,1,0,1,1,0,1
"45",0,0,0,0,0,1,1,0,1,1
"46",0,0,0,0,0,0,1,0,1,1
"47",1,0,0,0,1,1,1,0,1,1
"48",0,0,0,0,0,0,1,0,0,1
"49",0,0,0,0,0,1,1,1,0,1
"50",0,0,0,0,0,0,1,1,1,1
"51",0,0,0,0,0,1,0,1,1,1
"52",0,0,0,1,0,0,1,1,1,0
"53",0,0,1,1,1,1,1,0,1,1
"54",0,0,0,0,0,0,0,1,1,1
"55",0,0,0,0,1,0,1,0,1,1
"56",0,0,0,0,1,0,1,0,1,0
"57",0,0,0,0,1,0,1,1,1,1
"58",0,0,0,1,0,1,1,0,1,0
"59",0,0,0,0,0,0,1,1,1,1
"60",0,0,0,0,0,0,1,1,1,1
"61",1,0,1,0,0,0,1,0,1,1
"62",0,0,1,1,0,0,1,0,1,0
"63",0,0,0,0,1,0,1,0,1,1
"64",0,0,0,0,1,0,1,1,1,0
"65",0,0,0,0,0,0,0,1,1,1
"66",0,0,1,1,0,0,0,1,1,0
"67",0,0,0,1,1,0,0,1,1,1
"68",0,0,0,1,0,0,1,0,1,1
"69",0,0,0,1,0,0,1,1,0,1
"70",0,0,0,0,0,0,1,0,1,1
"71",0,0,0,0,1,0,1,0,1,1
"72",0,0,0,1,1,0,1,1,1,0
"73",0,0,0,0,0,0,1,1,1,1
"74",0,0,0,1,0,0,1,1,1,1
"75",0,0,0,0,1,1,1,1,1,1
"76",0,0,1,0,1,0,1,1,1,1
"77",0,0,0,0,1,0,1,1,1,1
"78",1,0,0,0,1,0,1,0,1,1
"79",0,0,0,0,0,0,0,1,1,1
"80",0,0,0,1,1,1,1,1,0,1
"81",0,0,0,1,0,1,1,1,1,1
"82",0,0,0,0,0,1,0,1,1,1
"83",0,0,0,0,1,1,1,1,1,1
"84",1,0,0,0,0,0,1,0,1,1
"85",0,0,0,0,1,0,1,0,1,1
"86",0,0,0,1,0,0,1,0,1,0
"87",0,0,0,0,0,0,1,0,0,1
"88",1,0,1,1,1,0,1,0,1,0
"89",0,0,0,0,0,0,1,1,1,1
"90",1,0,1,0,0,1,1,1,1,1
"91",0,0,0,0,0,0,1,1,1,1
"92",0,0,0,0,0,0,1,0,1,1
"93",0,0,0,0,1,1,0,1,0,0
"94",0,0,0,0,0,0,0,1,1,1
"95",0,0,0,1,0,1,1,1,1,1
"96",0,1,0,1,0,0,0,0,1,1
"97",0,0,0,1,0,0,0,0,1,1
"98",0,0,0,1,1,1,1,0,1,1
"99",0,0,0,0,0,0,1,1,1,1
"100",0,0,0,0,0,0,1,1,1,1
"101",0,0,0,0,0,0,0,0,1,1
"102",0,0,0,0,0,0,1,0,1,0
"103",0,1,0,0,0,0,0,1,1,1
"104",0,0,0,0,0,0,0,1,1,1
"105",0,0,0,0,0,0,1,0,1,1
"106",0,0,0,1,1,0,1,1,1,1
"107",0,0,0,0,0,0,1,0,1,1
"108",0,0,0,1,1,0,1,0,1,1
"109",0,0,0,0,0,0,1,0,1,0
"110",1,0,0,0,0,1,1,1,1,1
"111",0,1,0,0,0,0,1,0,0,1
"112",0,0,0,0,0,0,1,1,1,1
"113",0,0,0,0,1,1,0,1,0,1
"114",1,0,0,0,1,0,0,0,1,1
"115",0,1,0,1,1,0,1,1,1,0
"116",0,0,0,0,0,0,1,1,0,0
"117",0,0,0,0,0,0,1,1,0,1
"118",0,0,0,0,1,0,1,1,1,1
"119",0,0,0,0,0,1,1,1,1,1
"120",0,0,0,0,1,0,1,0,1,1
"121",0,0,0,0,0,0,1,1,1,1
"122",0,0,0,0,0,0,1,0,1,1
"123",1,0,0,0,0,1,1,1,1,1
"124",0,0,0,0,1,0,1,0,1,1
"125",0,1,0,1,0,0,0,0,0,1
"126",0,0,1,0,1,0,1,1,1,1
"127",0,0,0,0,0,1,1,0,0,1
"128",0,0,0,0,0,0,0,1,1,1
"129",0,0,0,0,0,0,0,1,1,1
"130",1,1,0,0,0,0,0,1,1,0
"131",0,0,0,0,1,0,0,0,1,1
"132",0,1,0,1,1,0,1,0,1,1
"133",0,0,0,0,0,0,1,0,1,1
"134",0,0,1,1,0,0,1,1,1,1
"135",0,0,0,1,0,0,1,0,1,1
"136",0,0,0,1,0,1,1,1,1,1
"137",0,0,0,0,0,0,1,1,1,1
"138",0,0,0,0,0,1,0,1,1,0
"139",0,0,0,0,0,0,0,1,1,1
"140",0,0,0,0,1,0,0,0,1,1
"141",0,0,0,0,0,1,1,1,0,1
"142",1,0,0,0,0,1,1,1,0,0
"143",0,0,0,0,0,1,1,0,1,1
"144",0,1,0,1,0,0,1,1,1,1
"145",0,1,0,0,0,0,0,1,1,0
"146",0,0,0,1,0,0,1,0,1,0
"147",1,0,0,1,1,0,0,0,1,0
"148",0,0,0,1,1,1,0,0,1,1
"149",0,0,0,0,1,0,1,1,1,1
"150",0,0,1,0,0,0,1,1,1,1
"151",0,0,0,0,0,1,1,1,1,1
"152",0,0,0,0,0,0,1,1,0,1
"153",0,0,0,0,0,0,0,0,1,1
"154",0,0,0,0,1,0,1,1,1,1
"155",0,0,0,0,0,0,1,1,1,1
"156",0,0,0,1,1,0,1,1,1,1
"157",0,0,0,0,0,1,1,0,1,1
"158",0,0,0,0,0,0,1,1,1,0
"159",0,0,0,0,0,0,1,1,1,1
"160",0,0,1,0,0,0,1,1,1,0
"161",0,0,0,0,1,1,1,1,0,1
"162",0,0,1,1,0,1,1,0,1,1
"163",0,0,0,0,0,0,1,1,1,1
"164",1,0,0,1,1,1,0,0,1,1
"165",0,0,0,0,0,0,1,1,0,0
"166",0,0,0,0,0,0,1,1,1,1
"167",0,0,0,1,0,0,0,0,1,1
"168",0,0,0,1,1,0,1,1,1,1
"169",0,0,0,0,0,0,0,0,0,1
"170",0,1,0,1,0,0,1,1,1,1
"171",0,0,0,0,0,0,0,1,1,1
"172",0,0,0,0,1,0,1,1,0,1
"173",0,0,0,0,0,0,1,1,1,1
"174",0,0,0,0,0,0,1,1,0,1
"175",0,0,0,0,0,1,1,0,1,1
"176",0,0,1,1,0,0,0,1,1,1
"177",0,0,0,0,1,0,1,1,0,1
"178",0,0,0,0,1,0,1,0,1,1
"179",0,0,1,0,0,0,1,1,0,1
"180",0,0,0,1,0,0,1,1,1,1
"181",0,0,1,0,0,0,1,0,1,1
"182",1,0,0,0,0,0,0,0,1,1
"183",1,0,0,0,1,0,0,1,1,1
"184",0,0,0,0,1,0,1,1,1,1
"185",0,1,0,1,1,0,0,0,1,1
"186",1,0,0,0,0,1,1,1,0,1
"187",0,0,0,0,0,0,1,1,0,1
"188",0,0,0,0,1,0,0,0,1,1
"189",0,0,0,1,0,1,1,0,1,1
"190",0,0,1,0,0,1,1,1,1,0
"191",0,0,0,0,0,0,0,1,1,1
"192",0,0,0,0,0,0,1,0,0,0
"193",0,0,0,0,0,0,1,1,1,1
"194",1,0,0,1,1,0,1,1,1,1
"195",0,0,1,0,0,0,0,0,1,1
"196",0,0,0,0,1,0,1,0,1,1
"197",0,0,0,0,1,1,1,1,1,1
"198",0,0,0,0,0,0,1,1,1,1
"199",0,0,0,0,0,0,1,1,1,1
"200",0,0,1,0,0,0,1,1,1,1
"201",0,0,0,0,0,1,0,0,1,1
"202",0,0,0,1,1,1,1,1,0,1
"203",0,0,0,0,0,1,1,1,1,1
"204",0,0,0,0,0,1,1,1,1,1
"205",0,0,0,0,0,0,1,1,1,1
"206",1,0,0,0,0,0,1,1,1,1
"207",0,0,0,0,0,0,1,1,0,1
"208",0,0,0,0,1,0,0,1,0,1
"209",0,0,1,1,0,0,0,0,1,1
"210",0,0,0,0,1,0,1,1,1,1
"211",0,0,0,0,0,0,0,1,1,1
"212",0,0,0,1,0,0,0,1,0,1
"213",0,0,0,0,1,1,0,1,1,1
"214",0,0,0,1,1,0,1,0,1,1
"215",0,0,1,0,0,0,0,0,1,0
"216",0,1,0,1,0,1,1,1,0,1
"217",0,1,0,1,0,0,0,1,1,1
"218",0,0,0,0,1,0,0,1,0,1
"219",0,1,0,0,0,0,1,1,1,1
"220",0,0,0,0,1,1,1,1,1,1
"221",0,0,0,0,0,0,0,1,0,1
"222",0,0,0,0,1,0,1,0,0,1
"223",0,0,1,0,0,1,1,1,1,1
"224",0,0,0,0,1,0,1,1,1,1
"225",0,0,0,0,1,0,1,0,1,1
"226",1,0,0,0,0,0,0,1,0,1
"227",0,0,0,0,1,0,1,1,1,1
"228",0,0,0,0,0,0,1,1,1,1
"229",0,0,0,1,1,0,1,1,0,0
"230",0,0,0,1,0,0,1,0,0,1
"231",1,0,0,0,0,0,1,0,1,1
"232",0,0,0,1,0,0,1,0,0,1
"233",0,0,0,1,0,1,0,1,0,1
"234",0,0,0,0,0,1,1,0,1,0
"235",0,0,0,1,0,0,1,1,1,1
"236",0,0,0,0,1,0,1,1,1,1
"237",0,0,0,0,1,0,0,0,1,1
"238",0,0,0,1,0,0,1,1,1,1
"239",0,0,0,0,1,0,1,1,0,1
"240",0,0,0,1,0,0,0,1,0,1
"241",0,0,0,0,0,0,0,1,1,1
"242",1,0,0,1,0,0,1,1,1,1
"243",0,0,0,0,0,0,0,0,0,1
"244",0,0,0,0,0,0,1,0,0,1
"245",0,0,1,0,0,1,1,1,1,1
"246",1,0,0,1,1,0,1,1,1,1
"247",0,0,0,1,1,0,0,1,1,1
"248",0,0,0,0,0,1,0,1,1,1
"249",0,0,0,0,1,1,1,0,1,1
"250",0,1,0,0,0,1,1,1,1,1
"251",0,0,0,1,0,1,0,1,1,0
"252",0,0,0,1,0,0,1,1,1,1
"253",0,0,0,0,1,0,0,0,0,1
"254",0,0,1,0,0,1,1,0,1,1
"255",0,0,0,0,1,0,1,1,1,1
"256",0,0,1,0,1,0,1,0,1,1
"257",0,0,0,0,0,0,0,1,1,1
"258",0,0,0,0,0,0,1,0,0,1
"259",0,0,0,0,0,0,0,0,1,1
"260",0,0,0,0,0,0,1,1,1,1
"261",0,0,0,1,0,1,1,1,1,1
"262",1,0,0,1,0,0,1,0,0,1
"263",0,0,0,0,0,0,1,1,1,1
"264",0,0,0,0,0,0,1,0,0,1
"265",0,0,1,0,0,0,0,1,1,1
"266",1,0,0,0,0,0,1,1,0,1
"267",0,0,0,1,0,0,0,1,0,1
"268",0,0,0,0,0,0,1,0,1,0
"269",0,0,1,0,1,0,1,0,1,1
"270",1,0,0,0,0,0,1,1,1,1
"271",0,0,0,0,0,0,1,1,1,1
"272",0,0,0,0,0,0,1,0,1,1
"273",0,0,0,0,0,1,1,1,1,1
"274",0,0,0,1,0,0,0,1,1,0
"275",0,0,0,0,1,0,1,1,1,1
"276",0,0,0,0,0,0,0,0,1,1
"277",0,1,0,0,0,0,1,0,1,1
"278",0,0,0,0,0,0,1,1,1,1
"279",0,0,0,0,0,1,1,1,0,1
"280",0,0,0,0,0,0,1,0,1,1
"281",0,0,0,1,0,0,1,0,1,1
"282",0,0,0,0,0,0,1,0,1,1
"283",0,0,0,1,0,1,1,1,1,1
"284",0,0,0,0,0,0,0,1,1,0
"285",0,0,0,0,0,0,1,1,0,1
"286",0,0,0,0,1,0,1,1,1,0
"287",0,0,0,0,0,1,1,1,0,0
"288",0,0,0,0,1,0,1,1,0,1
"289",0,0,0,0,1,1,1,1,1,1
"290",0,0,0,0,0,0,0,1,1,1
"291",0,0,0,0,0,0,0,1,0,0
"292",0,0,0,0,1,1,1,1,1,1
"293",0,0,0,1,0,1,1,1,0,1
"294",0,0,0,0,1,0,1,0,1,1
"295",0,0,0,0,0,0,1,1,0,1
"296",0,0,0,1,0,0,1,0,0,1
"297",0,1,1,0,0,0,1,0,1,1
"298",0,0,1,0,0,0,1,0,1,1
"299",1,0,0,0,1,1,1,1,1,1
"300",0,0,1,0,0,0,0,1,1,1
"301",1,0,1,1,1,0,0,1,0,0
"302",1,0,1,0,1,0,0,0,0,1
"303",0,1,1,0,0,0,0,1,0,1
"304",1,1,1,1,0,0,0,0,1,1
"305",0,1,1,0,0,0,0,0,0,0
"306",1,0,1,0,0,0,0,0,0,0
"307",1,1,1,0,0,0,0,1,0,0
"308",1,1,1,0,1,0,0,0,1,0
"309",1,1,1,0,0,0,0,0,1,0
"310",0,1,0,0,0,0,0,1,0,1
"311",1,1,1,0,0,0,0,0,1,0
"312",1,0,1,0,0,0,0,0,1,0
"313",1,0,0,0,0,1,0,1,0,0
"314",1,1,1,0,0,1,0,0,1,0
"315",1,1,1,0,0,1,0,0,0,0
"316",1,1,1,0,0,0,0,0,1,1
"317",0,1,1,1,0,0,0,1,0,1
"318",1,1,1,1,0,0,0,0,0,0
"319",1,1,1,1,0,1,0,1,0,0
"320",1,1,0,1,1,0,0,1,0,0
"321",1,1,1,0,0,1,0,0,1,0
"322",1,1,1,0,1,1,0,0,0,0
"323",1,1,1,1,0,1,0,0,1,0
"324",0,1,1,0,0,0,0,1,1,0
"325",0,1,1,0,1,0,0,1,0,0
"326",0,1,1,1,1,0,0,0,0,0
"327",1,1,1,0,0,0,0,0,0,0
"328",1,1,1,0,0,0,0,1,1,0
"329",1,1,1,0,0,0,0,0,0,0
"330",1,0,1,0,0,0,0,0,0,0
"331",0,1,1,1,1,0,0,0,0,0
"332",1,1,1,0,0,0,0,0,0,0
"333",0,1,1,0,0,0,0,1,1,0
"334",1,1,1,0,0,0,0,0,0,0
"335",1,1,1,1,0,1,0,0,0,0
"336",1,1,1,1,0,0,0,1,0,0
"337",0,1,0,1,0,1,0,1,1,0
"338",0,1,1,0,0,0,0,1,0,0
"339",1,1,1,0,0,0,0,0,0,0
"340",1,0,0,1,1,1,0,0,0,1
"341",1,0,1,0,0,0,0,1,1,1
"342",1,1,1,0,0,0,0,0,0,0
"343",0,1,0,0,0,0,0,0,1,0
"344",1,1,1,0,0,1,0,0,0,0
"345",1,1,1,0,1,1,0,0,0,0
"346",0,1,1,0,1,0,0,0,0,0
"347",1,1,0,0,0,0,0,1,0,0
"348",0,1,1,1,1,0,0,0,0,0
"349",1,0,1,0,1,0,0,1,0,0
"350",0,1,1,0,0,0,0,1,1,0
"351",0,1,1,0,1,0,0,0,0,0
"352",1,1,1,0,0,0,0,0,0,0
"353",1,1,1,0,0,1,0,0,1,0
"354",1,0,1,1,0,1,0,0,0,0
"355",1,1,1,1,1,0,0,0,0,0
"356",1,1,1,0,1,0,0,1,0,0
"357",0,1,1,1,0,1,0,0,0,0
"358",1,1,1,1,0,0,0,1,0,0
"359",1,1,1,0,0,0,0,0,0,0
"360",1,0,0,1,1,1,0,0,0,0
"361",1,1,0,0,0,0,0,0,1,0
"362",1,0,1,0,1,0,0,1,0,0
"363",1,1,1,0,1,0,0,0,0,0
"364",1,1,1,1,0,1,0,0,0,0
"365",1,1,1,1,0,0,0,1,0,0
"366",1,1,1,1,0,0,0,0,1,0
"367",0,1,1,0,0,0,0,1,0,0
"368",1,1,1,1,0,0,0,1,0,0
"369",1,1,0,0,0,0,0,0,0,0
"370",0,1,1,0,0,1,0,0,0,0
"371",0,1,1,0,1,0,0,1,0,1
"372",0,1,1,0,0,0,0,0,0,0
"373",0,1,1,0,0,0,0,0,1,0
"374",1,1,1,0,1,0,0,0,1,0
"375",0,0,1,0,0,0,0,0,1,0
"376",0,1,0,0,0,0,0,0,1,1
"377",0,1,0,1,1,0,0,0,0,0
"378",0,1,1,0,0,0,0,1,0,0
"379",1,1,1,0,0,0,0,0,0,0
"380",1,1,0,1,1,1,0,1,1,0
"381",1,1,1,0,0,0,0,0,1,0
"382",1,0,1,0,0,0,0,0,1,0
"383",0,0,0,1,0,1,0,0,1,0
"384",1,0,1,0,0,0,0,1,1,0
"385",1,1,1,1,1,1,0,1,0,0
"386",1,1,1,1,1,0,0,1,0,0
"387",1,1,0,0,0,1,0,0,0,0
"388",1,0,0,0,0,0,0,0,0,0
"389",1,1,1,0,0,0,0,1,0,0
"390",1,1,1,0,1,0,0,0,1,1
"391",1,0,1,0,0,0,0,0,0,0
"392",1,0,1,1,0,0,0,0,0,0
"393",1,0,0,0,1,0,0,1,1,1
"394",1,1,1,0,0,0,0,0,0,0
"395",1,0,1,0,1,0,0,1,1,0
"396",0,1,1,0,0,1,0,1,0,0
"397",0,1,1,1,1,1,0,0,0,0
"398",1,1,1,1,0,1,0,0,0,0
"399",1,1,1,1,1,0,0,1,0,1
"400",0,1,1,0,1,0,0,0,0,0
"401",1,1,1,1,1,0,0,0,0,1
"402",1,1,1,0,0,0,0,1,0,0
"403",1,1,1,0,1,0,0,0,0,0
"404",1,0,1,0,1,1,0,0,0,1
"405",0,1,1,1,0,0,0,1,0,0
"406",1,1,1,0,1,0,0,1,0,0
"407",0,0,1,0,1,1,0,1,0,0
"408",0,1,1,0,1,0,0,0,1,0
"409",1,1,0,1,0,1,0,0,0,0
"410",1,1,1,0,1,0,0,1,0,0
"411",1,1,1,0,0,0,0,0,0,1
"412",1,1,1,0,1,0,0,1,0,0
"413",1,0,1,1,0,0,0,1,0,0
"414",1,0,1,0,0,0,0,1,1,0
"415",1,1,1,0,0,0,0,0,0,0
"416",0,0,1,0,0,0,0,0,0,1
"417",1,1,1,1,1,0,0,0,0,0
"418",1,1,1,1,0,1,0,1,0,1
"419",0,1,1,1,0,0,0,1,0,0
"420",1,1,1,1,0,1,0,0,0,0
"421",0,0,1,0,0,0,0,1,0,0
"422",1,1,1,0,0,1,1,0,1,0
"423",1,0,1,1,0,0,0,0,0,0
"424",1,1,1,0,0,1,0,1,1,0
"425",1,1,1,0,0,1,0,0,0,0
"426",0,1,1,0,0,0,0,0,1,0
"427",1,1,1,0,1,0,0,0,0,0
"428",1,1,0,1,0,0,0,1,0,0
"429",1,1,1,0,0,0,0,1,0,0
"430",0,0,1,0,0,0,0,0,0,0
"431",0,1,0,0,0,0,0,0,0,0
"432",1,1,0,1,1,1,0,1,0,0
"433",1,1,1,1,1,0,0,0,0,0
"434",0,0,0,0,0,0,0,0,0,0
"435",1,1,1,0,1,0,0,1,1,0
"436",0,1,1,0,0,1,0,0,0,0
"437",0,1,1,1,0,0,0,0,1,0
"438",1,1,1,0,0,0,0,0,0,0
"439",1,1,0,0,0,0,0,0,0,0
"440",1,1,1,0,1,0,1,0,0,0
"441",0,1,1,0,0,1,0,1,0,0
"442",1,0,1,1,0,0,0,1,0,0
"443",1,0,1,0,0,0,0,0,0,0
"444",1,0,1,1,0,1,0,1,1,0
"445",1,1,0,0,0,0,0,0,0,1
"446",0,1,1,1,1,0,0,0,0,0
"447",1,0,1,0,0,1,0,0,0,0
"448",1,1,1,1,0,0,0,0,0,0
"449",1,0,1,1,0,0,0,1,0,0
"450",1,1,1,1,1,0,0,1,1,0
"451",1,0,1,0,0,0,0,0,0,0
"452",0,1,1,0,0,0,0,0,0,0
"453",0,1,1,0,0,0,0,1,1,0
"454",0,1,0,1,1,0,0,0,0,0
"455",1,1,0,1,0,0,0,0,1,0
"456",0,1,1,1,0,1,0,0,0,0
"457",1,1,1,0,0,0,0,1,0,0
"458",1,1,1,0,1,0,0,0,0,0
"459",1,1,1,1,0,0,0,1,0,0
"460",1,1,0,0,1,0,0,0,0,0
"461",0,1,1,0,0,0,0,0,1,0
"462",1,1,1,0,0,0,1,0,0,0
"463",1,1,1,0,0,0,0,0,0,0
"464",0,0,1,0,0,0,0,0,1,0
"465",1,1,0,0,0,1,0,0,0,0
"466",1,1,1,0,0,0,0,0,0,0
"467",1,1,1,0,0,1,0,1,0,1
"468",1,1,1,0,0,0,0,0,0,0
"469",1,0,1,0,0,0,0,0,1,0
"470",1,0,0,1,0,0,0,0,1,0
"471",1,0,1,0,0,0,0,1,0,0
"472",0,1,1,1,0,0,0,0,0,0
"473",1,1,1,1,0,0,0,0,0,0
"474",0,1,1,0,1,0,0,1,0,1
"475",1,1,1,1,1,0,0,1,0,0
"476",1,1,1,1,1,0,0,1,1,0
"477",0,1,1,0,1,0,0,0,0,0
"478",0,1,1,0,0,0,0,0,0,0
"479",1,0,1,0,0,0,0,0,0,0
"480",1,1,1,0,1,0,0,0,1,0
"481",1,1,1,1,0,1,0,0,1,0
"482",0,0,1,1,0,0,0,0,0,0
"483",0,1,1,0,0,1,0,1,1,0
"484",1,1,0,0,1,1,0,1,0,1
"485",1,0,1,0,0,0,0,0,0,1
"486",0,1,1,0,1,0,0,0,1,0
"487",0,1,1,1,1,0,0,0,0,0
"488",1,1,0,0,0,0,0,0,0,0
"489",1,0,0,0,0,0,0,1,0,0
"490",0,1,0,0,0,1,0,0,1,0
"491",0,0,0,0,1,1,0,0,1,0
"492",1,1,1,1,0,1,0,0,0,0
"493",1,1,1,1,0,0,0,0,0,1
"494",0,1,1,1,0,0,0,0,0,0
"495",0,1,1,0,1,0,0,1,0,0
"496",1,1,1,0,0,0,0,1,1,0
"497",1,1,1,0,1,0,0,0,0,0
"498",1,1,1,1,1,1,0,1,0,0
"499",0,0,1,0,0,0,0,1,0,0
"500",0,1,1,0,1,1,0,0,0,1
"501",1,1,0,1,0,1,0,0,0,0
"502",1,1,1,0,1,0,0,0,0,0
"503",1,0,1,1,1,0,0,0,0,0
"504",1,1,0,1,0,1,0,1,0,0
"505",1,1,1,0,1,0,0,0,0,0
"506",0,1,1,0,0,0,0,0,1,0
"507",0,1,1,1,1,0,0,0,1,0
"508",1,1,1,1,1,0,0,1,0,0
"509",1,1,1,1,1,0,0,0,1,0
"510",1,0,1,1,0,0,0,1,0,1
"511",1,0,1,0,1,0,0,0,0,0
"512",1,1,1,0,1,1,0,0,0,0
"513",1,1,1,0,0,0,0,0,0,0
"514",1,0,1,0,1,1,0,0,0,0
"515",1,1,1,0,0,0,0,0,0,0
"516",0,1,1,1,1,0,0,0,0,0
"517",0,1,1,1,1,0,0,0,0,0
"518",1,1,1,1,0,0,0,1,0,0
"519",0,0,0,1,0,1,0,1,0,0
"520",1,1,1,0,1,0,0,0,0,1
"521",1,0,1,0,0,0,0,0,0,0
"522",0,1,0,0,0,1,0,1,0,0
"523",1,1,0,0,0,1,0,0,0,0
"524",0,0,1,0,1,0,0,0,0,0
"525",1,1,1,1,0,0,0,0,1,0
"526",0,1,0,1,0,0,0,0,0,0
"527",1,1,0,0,1,0,0,1,0,0
"528",1,1,1,0,0,0,0,0,1,0
"529",0,1,1,0,0,0,0,1,0,0
"530",1,0,0,0,1,0,0,1,0,0
"531",0,1,1,0,0,0,0,0,0,0
"532",0,0,1,1,1,0,0,1,0,0
"533",1,1,1,0,0,0,0,0,0,0
"534",1,0,1,0,0,1,0,0,0,0
"535",0,1,0,0,0,1,0,0,0,0
"536",1,1,1,0,1,0,0,0,0,0
"537",1,0,0,1,0,1,0,0,1,0
"538",0,1,1,0,0,0,0,1,0,0
"539",1,0,1,1,0,0,0,0,1,0
"540",0,1,1,0,0,0,0,1,0,0
"541",1,1,1,0,1,0,0,0,0,0
"542",1,1,1,1,1,0,0,0,1,0
"543",1,1,1,0,0,1,0,1,0,0
"544",0,1,1,0,0,0,0,1,0,0
"545",1,1,1,0,0,0,0,0,0,0
"546",1,1,1,1,0,0,0,0,1,0
"547",0,1,1,0,1,0,0,0,0,0
"548",1,1,1,0,1,0,0,1,0,0
"549",1,1,1,1,0,0,0,1,1,1
"550",1,1,1,0,0,1,0,1,0,1
"551",1,1,1,1,1,0,0,1,0,0
"552",0,1,1,1,1,0,0,1,0,0
"553",1,0,1,0,1,0,0,1,0,0
"554",0,0,1,0,1,0,0,0,0,0
"555",0,1,1,1,0,0,0,0,1,0
"556",0,0,0,0,1,0,0,0,0,0
"557",1,0,0,1,0,0,0,0,0,0
"558",1,1,1,0,1,0,0,0,0,0
"559",1,0,1,1,0,1,0,0,0,0
"560",1,1,1,1,1,0,0,1,0,0
"561",0,1,1,0,0,0,0,0,0,0
"562",1,1,0,1,0,0,0,1,1,0
"563",1,1,1,0,0,0,0,0,0,0
"564",1,1,1,1,0,1,0,0,1,0
"565",1,1,1,0,0,0,0,1,0,0
"566",1,0,1,0,1,0,0,0,1,0
"567",1,1,1,1,1,0,0,0,0,1
"568",0,1,1,0,0,0,0,1,1,0
"569",0,0,1,1,0,0,0,0,0,0
"570",0,0,1,1,0,0,0,0,0,0
"571",0,1,1,1,1,0,0,1,0,0
"572",1,0,1,0,1,0,0,1,1,0
"573",1,1,1,1,0,0,0,0,1,0
"574",1,1,1,1,0,0,0,1,0,0
"575",0,1,1,0,0,0,0,0,0,0
"576",0,1,1,0,1,0,0,1,0,0
"577",1,1,1,0,0,0,0,0,0,0
"578",1,0,1,0,0,0,0,1,0,1
"579",1,0,1,0,1,1,0,0,0,0
"580",1,0,1,0,1,0,0,0,1,1
"581",1,0,1,0,1,1,0,0,0,0
"582",0,1,0,0,0,0,0,0,1,0
"583",0,1,0,1,0,0,0,0,0,0
"584",1,1,1,0,0,0,0,1,1,1
"585",0,0,1,1,0,1,0,0,1,0
"586",0,1,0,0,0,0,0,0,0,0
"587",0,1,1,1,0,0,0,1,1,0
"588",1,1,1,1,1,0,0,1,1,1
"589",1,1,0,1,1,0,0,0,1,0
"590",1,0,1,1,1,0,0,0,0,1
"591",1,1,1,1,0,0,0,0,0,0
"592",1,1,0,0,1,0,0,1,0,0
"593",0,1,1,1,1,0,0,0,0,0
"594",0,1,1,1,0,0,0,0,1,0
"595",1,1,1,1,0,1,0,0,0,0
"596",1,1,0,0,0,0,0,0,0,0
"597",1,1,1,1,1,1,0,0,1,0
"598",1,1,0,1,0,0,0,0,0,0
"599",1,1,1,1,1,0,0,1,0,1
"600",0,1,1,0,1,0,0,0,0,0
"601",1,0,0,1,1,1,0,0,0,0
"602",0,0,0,1,1,1,0,1,0,0
"603",0,0,1,1,1,1,0,0,0,0
"604",0,0,0,1,1,0,0,0,0,1
"605",0,0,0,0,0,0,0,0,1,0
"606",0,0,1,0,0,0,1,0,0,0
"607",0,0,0,1,1,1,0,0,0,0
"608",1,0,0,1,1,1,0,0,0,0
"609",0,0,0,1,1,1,0,0,0,0
"610",0,0,0,0,1,0,1,1,0,0
"611",0,0,1,1,1,1,0,0,0,0
"612",1,0,0,1,0,1,1,0,0,0
"613",0,0,0,1,0,1,0,0,0,0
"614",0,0,0,1,1,0,0,0,0,0
"615",0,0,0,1,1,1,0,0,1,0
"616",1,0,0,1,1,0,0,1,0,0
"617",0,0,0,1,1,1,0,1,0,0
"618",0,0,0,1,1,1,0,0,0,0
"619",0,0,0,1,0,0,0,0,0,0
"620",0,0,0,0,0,0,0,0,0,0
"621",0,0,0,0,1,0,1,0,0,0
"622",0,0,0,0,1,0,0,0,0,0
"623",1,0,0,1,1,1,1,0,0,0
"624",0,0,0,1,0,0,0,0,0,0
"625",0,0,1,1,0,1,1,1,0,0
"626",0,0,1,1,0,0,0,0,0,0
"627",1,0,0,1,1,1,0,0,0,0
"628",0,0,0,1,1,0,0,0,0,0
"629",0,0,0,1,0,0,0,0,0,0
"630",0,0,0,1,0,1,0,0,0,0
"631",1,0,0,0,1,0,0,0,0,0
"632",1,0,1,1,1,1,0,0,0,0
"633",0,0,0,0,1,0,0,0,0,0
"634",0,0,0,1,1,1,0,0,0,0
"635",0,0,0,1,1,1,0,0,0,0
"636",0,0,0,1,1,1,0,0,0,0
"637",0,0,0,1,1,0,0,0,1,0
"638",0,0,0,0,1,0,0,0,1,0
"639",0,0,0,0,1,1,0,0,0,0
"640",0,0,0,1,1,1,0,0,0,0
"641",0,0,0,1,1,1,0,0,0,0
"642",0,0,0,1,0,0,0,0,1,0
"643",0,0,0,1,1,1,0,0,0,0
"644",0,0,1,1,1,1,0,0,0,0
"645",0,0,0,1,1,0,0,1,0,0
"646",0,1,1,1,1,1,0,1,0,0
"647",0,0,0,1,1,1,0,0,0,0
"648",0,0,0,1,1,0,0,0,0,0
"649",0,0,0,0,1,1,0,0,0,0
"650",0,0,0,0,0,0,0,0,0,0
"651",0,0,0,1,1,1,0,0,0,0
"652",0,0,0,1,0,0,0,0,0,0
"653",0,0,1,1,0,0,0,1,0,0
"654",0,0,1,0,1,0,1,0,0,0
"655",0,0,0,1,1,1,0,0,0,0
"656",0,0,1,1,1,1,0,1,1,0
"657",0,0,0,0,1,0,0,0,0,0
"658",0,0,0,1,0,1,0,0,0,0
"659",0,0,0,1,1,0,0,0,0,0
"660",0,0,0,1,0,0,0,1,1,0
"661",0,0,1,0,1,1,0,0,0,0
"662",0,0,0,1,1,0,0,0,1,0
"663",0,1,0,1,1,1,0,0,0,0
"664",0,0,0,1,1,1,0,0,0,0
"665",0,0,1,1,1,1,0,0,0,0
"666",0,0,0,1,1,0,0,0,0,0
"667",0,0,1,0,1,1,0,0,0,0
"668",0,0,0,1,0,0,0,0,0,0
"669",0,0,0,1,0,1,0,0,0,0
"670",0,0,0,1,1,0,0,0,0,0
"671",0,0,1,0,0,0,0,1,0,0
"672",0,0,0,1,1,0,0,0,0,0
"673",0,0,0,1,1,1,0,0,0,0
"674",0,0,0,1,0,1,1,0,0,0
"675",1,0,0,1,0,0,0,0,1,0
"676",0,0,0,1,1,1,0,0,0,0
"677",0,0,0,0,1,1,0,0,0,0
"678",0,0,0,1,1,1,0,1,0,0
"679",0,0,0,1,0,0,0,0,1,0
"680",0,0,0,1,0,1,0,0,0,0
"681",0,0,0,1,0,0,0,0,0,0
"682",0,0,1,1,1,1,0,0,0,0
"683",0,0,0,1,1,1,0,1,1,0
"684",0,0,0,0,0,1,0,1,0,0
"685",0,0,0,1,0,0,0,0,0,0
"686",0,0,1,1,0,0,0,0,0,0
"687",0,0,0,1,1,1,1,0,0,0
"688",0,0,1,1,1,1,0,1,0,0
"689",0,0,1,1,1,0,0,1,0,0
"690",0,0,0,1,1,1,0,1,0,0
"691",0,0,0,1,1,1,0,1,0,0
"692",0,0,0,1,1,1,0,0,0,0
"693",0,0,0,0,1,1,0,0,0,0
"694",0,0,0,1,1,1,0,0,0,0
"695",0,0,0,0,1,1,0,0,0,0
"696",0,0,0,1,1,1,0,0,0,0
"697",0,0,0,1,0,0,0,1,0,0
"698",0,0,0,1,0,1,0,0,0,0
"699",0,0,0,1,1,1,0,1,0,0
"700",0,0,0,0,0,0,0,0,0,0
"701",0,0,0,0,0,0,0,1,0,0
"702",0,0,1,1,0,0,0,0,1,0
"703",0,0,0,0,1,1,0,0,0,0
"704",0,0,1,1,1,1,0,0,0,0
"705",0,0,0,1,1,0,1,0,0,0
"706",0,0,1,1,1,0,0,1,0,0
"707",0,0,0,1,1,1,0,1,0,0
"708",1,0,1,0,1,1,0,1,0,0
"709",0,0,0,1,1,1,0,0,0,0
"710",0,0,1,1,1,0,0,1,0,0
"711",0,0,0,1,0,0,0,0,1,0
"712",0,0,0,1,1,1,0,1,0,0
"713",0,0,0,0,1,1,1,0,0,0
"714",0,0,0,0,0,1,0,1,1,0
"715",0,0,0,1,1,1,0,1,0,0
"716",1,0,0,1,1,0,0,0,1,0
"717",0,0,0,1,0,1,0,1,0,0
"718",0,0,0,1,1,0,0,1,0,0
"719",0,0,1,1,1,1,0,0,1,0
"720",0,0,0,1,1,0,0,0,0,0
"721",0,0,0,1,1,1,0,0,1,0
"722",0,0,1,0,1,0,0,1,0,0
"723",0,0,0,1,1,0,0,0,0,0
"724",0,0,0,1,0,1,0,0,0,0
"725",0,0,0,1,1,0,0,0,0,0
"726",0,0,1,1,1,0,0,0,0,1
"727",1,1,0,0,1,1,0,0,0,0
"728",0,0,0,1,0,1,1,0,0,0
"729",0,0,1,1,0,1,0,1,1,0
"730",0,0,0,0,0,0,1,0,1,0
"731",0,0,1,1,1,1,0,0,0,0
"732",0,0,0,1,1,1,1,0,0,0
"733",0,0,0,1,0,1,0,1,0,0
"734",0,0,1,1,0,0,0,0,0,0
"735",0,0,0,1,1,0,0,0,0,0
"736",0,0,0,0,0,1,0,0,1,0
"737",0,0,0,1,1,1,0,0,1,0
"738",1,0,0,1,1,0,0,0,0,0
"739",0,0,0,1,1,1,0,0,0,0
"740",0,0,0,1,1,1,0,0,0,0
"741",0,0,0,1,1,1,0,1,0,0
"742",0,0,0,1,1,1,0,0,0,0
"743",0,0,0,1,1,1,0,1,0,0
"744",0,0,1,1,1,1,0,1,0,0
"745",0,0,0,1,1,1,0,0,1,0
"746",0,0,0,1,1,0,0,0,0,0
"747",0,0,1,1,0,1,0,0,0,0
"748",0,0,1,1,0,0,0,1,0,0
"749",0,0,1,1,0,0,0,0,0,0
"750",0,0,0,1,1,1,1,0,0,0
"751",0,0,0,1,1,1,0,0,0,0
"752",0,0,0,1,0,1,0,0,0,0
"753",0,0,1,1,1,1,0,0,0,0
"754",0,0,0,0,1,1,0,1,0,0
"755",0,0,1,1,1,1,0,0,0,0
"756",0,0,1,0,1,1,1,1,0,0
"757",0,0,0,1,0,0,0,1,0,0
"758",0,0,1,1,1,1,0,0,1,0
"759",0,0,0,1,1,1,0,0,0,0
"760",0,0,0,1,1,0,1,0,0,0
"761",0,0,0,0,1,1,0,0,0,0
"762",1,0,1,1,1,1,0,0,1,0
"763",0,0,0,0,1,0,1,0,0,0
"764",0,0,0,1,0,0,0,0,0,0
"765",0,0,0,0,0,1,0,0,0,0
"766",0,0,0,1,1,1,0,1,0,0
"767",0,0,0,1,1,0,0,0,0,0
"768",0,0,0,1,1,0,0,0,0,0
"769",0,0,0,1,1,1,0,1,0,0
"770",0,0,0,1,0,1,0,0,0,0
"771",0,0,0,1,1,1,0,0,0,0
"772",0,0,0,0,1,0,0,0,0,0
"773",1,0,1,1,1,1,0,0,0,0
"774",0,0,0,1,0,1,0,0,1,0
"775",0,0,0,1,1,1,1,0,0,0
"776",0,0,0,1,0,1,0,0,0,0
"777",0,0,0,1,1,0,1,0,1,0
"778",0,0,1,0,0,1,0,0,1,0
"779",0,0,0,1,1,1,0,0,0,0
"780",0,0,0,0,0,1,0,1,0,0
"781",0,0,0,1,1,1,0,0,0,0
"782",0,1,0,1,0,1,0,1,0,0
"783",0,0,0,1,1,1,0,1,0,0
"784",0,0,1,1,0,1,0,0,0,0
"785",0,0,0,1,1,0,0,1,0,0
"786",0,0,0,1,1,1,0,1,0,0
"787",0,0,0,0,1,1,1,0,0,0
"788",0,0,0,0,1,1,0,0,1,0
"789",0,1,0,0,0,1,0,0,0,0
"790",0,0,0,0,0,0,0,0,0,0
"791",0,0,0,1,0,1,0,0,0,0
"792",0,0,0,1,1,1,1,0,0,0
"793",0,0,1,1,0,1,0,0,1,0
"794",0,0,0,1,1,1,1,0,0,0
"795",0,0,1,1,1,0,0,0,0,0
"796",0,0,1,1,0,1,0,0,0,0
"797",0,0,0,1,1,1,0,1,0,0
"798",0,0,0,1,1,0,0,0,1,0
"799",0,0,0,1,1,0,0,0,0,0
"800",0,0,0,0,0,1,0,1,0,0
"801",0,0,1,1,1,0,0,1,0,0
"802",0,0,0,0,1,1,1,1,0,0
"803",0,0,1,1,1,1,0,0,0,0
"804",0,0,1,1,1,1,0,0,0,0
"805",0,0,0,1,1,1,0,1,0,0
"806",0,0,0,1,0,1,0,1,1,0
"807",0,0,0,1,1,1,0,0,0,0
"808",0,0,0,1,1,0,0,0,1,0
"809",0,0,1,1,1,1,0,1,0,0
"810",0,0,0,1,0,1,0,0,0,0
"811",0,0,0,0,1,0,0,1,0,0
"812",0,0,0,1,1,0,0,1,0,0
"813",0,0,0,0,0,1,0,0,1,0
"814",0,0,0,0,1,0,0,0,0,0
"815",1,0,1,1,1,0,0,1,0,0
"816",0,0,0,1,0,1,0,0,0,0
"817",0,0,0,1,0,1,0,0,1,0
"818",0,0,0,1,0,0,0,0,0,0
"819",0,0,0,1,1,0,0,0,0,0
"820",0,0,0,1,1,1,0,0,0,0
"821",0,0,0,1,1,1,0,0,0,0
"822",0,0,0,1,1,1,1,0,0,0
"823",0,0,0,1,0,1,0,0,0,1
"824",0,0,0,0,0,1,0,1,0,0
"825",0,0,0,1,1,0,0,0,0,0
"826",0,0,0,0,1,1,0,1,0,0
"827",0,0,0,1,1,1,0,0,1,0
"828",0,0,1,1,0,1,1,1,0,0
"829",0,0,0,1,1,1,0,1,0,0
"830",0,0,0,1,1,0,0,0,0,0
"831",0,0,0,1,0,0,0,0,0,0
"832",0,0,0,0,0,1,0,0,0,0
"833",0,0,0,1,0,1,1,0,0,0
"834",0,0,1,1,1,1,0,0,1,0
"835",0,0,0,1,1,1,0,1,0,0
"836",0,0,0,1,1,0,0,1,0,0
"837",0,0,1,1,1,1,0,1,0,0
"838",0,0,0,0,0,0,0,0,0,0
"839",1,0,0,0,1,1,1,0,0,0
"840",1,0,1,0,1,1,0,0,0,0
"841",0,0,0,1,1,0,0,0,0,0
"842",0,0,0,1,1,0,0,0,0,0
"843",0,0,0,1,0,1,0,1,0,0
"844",0,0,0,1,1,1,0,0,0,0
"845",0,0,0,0,1,1,0,0,0,0
"846",0,0,0,1,1,0,0,0,0,0
"847",0,0,1,1,0,1,0,0,0,0
"848",0,0,0,1,1,0,0,0,0,0
"849",0,0,0,1,1,0,0,1,0,0
"850",0,0,0,1,0,0,0,0,0,0
"851",0,0,1,1,0,1,0,0,1,0
"852",0,0,1,1,1,1,0,0,0,0
"853",0,0,1,1,1,1,0,0,0,0
"854",0,0,0,1,0,1,1,0,1,0
"855",0,0,0,1,1,1,1,0,0,0
"856",0,0,0,0,1,1,0,0,0,0
"857",0,0,0,1,1,1,0,1,0,0
"858",0,0,0,0,1,0,0,0,0,0
"859",0,0,1,0,1,1,0,0,0,0
"860",0,0,1,1,1,1,0,0,0,0
"861",0,0,0,1,1,1,1,1,0,0
"862",1,0,0,0,0,1,0,0,0,0
"863",0,0,0,0,0,1,0,0,0,0
"864",0,0,1,1,0,0,0,1,0,0
"865",0,0,0,0,1,1,0,0,0,0
"866",1,0,1,1,0,1,0,0,0,0
"867",0,0,0,1,1,1,0,0,0,0
"868",0,0,0,1,1,1,0,0,1,0
"869",0,0,1,1,1,0,0,0,1,0
"870",0,0,1,1,1,1,0,0,1,0
"871",0,0,0,1,0,1,1,0,1,0
"872",0,0,0,0,0,1,0,1,0,0
"873",0,0,0,1,1,1,0,0,1,0
"874",1,0,0,1,0,0,1,0,0,0
"875",0,0,1,1,1,1,0,0,0,0
"876",0,0,0,1,1,1,0,0,1,0
"877",0,0,0,1,0,1,0,0,0,0
"878",0,0,0,1,1,0,0,1,0,0
"879",0,0,0,0,1,0,0,0,0,0
"880",0,0,0,1,1,0,0,0,0,0
"881",0,0,0,0,1,0,1,0,1,0
"882",1,0,1,1,1,1,0,0,0,0
"883",0,0,0,1,1,0,0,0,0,0
"884",1,0,0,1,1,1,0,0,1,0
"885",0,0,0,1,0,0,0,0,0,0
"886",0,0,0,1,0,1,0,0,1,0
"887",1,0,0,1,1,1,0,0,1,0
"888",0,0,0,0,1,1,0,0,1,0
"889",0,0,0,0,1,1,0,1,0,0
"890",0,0,0,1,1,1,0,0,0,0
"891",0,0,0,1,1,1,0,0,0,0
"892",0,0,0,1,1,1,1,0,0,0
"893",0,0,0,1,0,1,0,0,0,0
"894",0,0,0,1,0,1,0,0,0,0
"895",0,0,1,1,0,0,0,0,1,0
"896",0,0,0,1,1,1,0,0,1,0
"897",0,0,0,1,1,1,0,0,0,0
"898",0,0,0,1,1,1,0,0,1,0
"899",0,0,0,1,1,1,0,0,0,0
"900",0,0,1,1,0,1,0,0,0,0
