,PCs
1,8.848471765
2,10.35562334
3,7.217149212
4,10.20306624
5,10.35562334
6,6.190572844
7,9.378258876
8,1.610878642
9,7.719446013
10,10.04879576
11,6.157678811
12,7.072312864
13,5.222158932
14,9.419268358
15,10.35562334
16,8.041561877
17,4.840057741
18,6.998409348
19,5.801418614
20,9.200923197
21,3.48652205
22,8.041561877
23,6.998409348
24,8.041561877
25,6.158513913
26,9.378258876
27,5.596526584
28,10.20306624
29,7.568279325
30,9.507673169
31,3.366412802
32,8.409009863
33,8.041561877
34,5.850316237
35,0.8196762
36,6.186650849
37,9.419268358
38,9.200923197
39,8.505469408
40,10.17017221
41,8.041561877
42,9.419268358
43,7.528104945
44,5.22132383
45,9.200923197
46,9.200923197
47,3.67280828
48,9.419268358
49,10.20306624
50,4.039421163
51,2.537045179
52,7.904897141
53,8.537528339
54,10.17017221
55,5.549920414
56,5.839442731
57,8.041561877
58,7.684466578
59,8.866124922
60,7.719446013
61,5.986869741
62,8.815577731
63,10.20306624
64,10.35562334
65,5.508910932
66,7.568279325
67,10.35562334
68,6.732591252
69,1.447833504
70,7.719446013
71,0.940749214
72,9.378258876
73,0.266532764
74,7.031303382
75,9.660230264
76,3.03007819
77,-2.525285143
78,8.409009863
79,8.537528339
80,7.837023673
81,0.940341758
82,3.105777048
83,8.537528339
84,7.528104945
85,10.20306624
86,7.904897141
87,10.35562334
88,7.872003108
89,9.345364843
90,10.20306624
91,3.827683032
92,-2.116073714
93,9.345364843
94,6.336571873
95,4.105869969
96,6.519169428
97,3.769084217
98,9.23381723
99,6.654541089
100,8.866124922
101,10.35562334
102,10.35562334
103,10.35562334
104,8.866124922
105,6.831876769
106,8.041561877
107,9.386374325
108,9.23381723
109,7.810076333
110,8.376115829
111,0.962563537
112,8.008667844
113,9.192807748
114,2.114738796
115,-1.577096147
116,10.35562334
117,8.504634306
118,8.833230889
119,10.35562334
120,10.35562334
121,6.046721977
122,10.20306624
123,10.35562334
124,9.419268358
125,10.20306624
126,6.372569702
127,8.537528339
128,7.872003108
129,9.419268358
130,7.528104945
131,8.008667844
132,-2.400145692
133,7.164015311
134,9.23381723
135,8.409009863
136,7.869917706
137,9.140983899
138,1.212580119
139,-2.902077339
140,7.568279325
141,10.35562334
142,5.972227683
143,9.23381723
144,0.840982785
145,7.568279325
146,9.192807748
147,8.041561877
148,6.062054368
149,9.378258876
150,6.019763775
151,0.294952904
152,-7.62071075
153,7.86388766
154,6.019824489
155,9.419268358
156,3.67280828
157,6.227660331
158,3.298822537
159,8.041561877
160,-2.054672462
161,9.419268358
162,-2.013151189
163,8.537528339
164,3.665943132
165,8.041561877
166,5.986869741
167,10.35562334
168,7.031303382
169,10.35562334
170,9.419268358
171,5.510893956
172,2.790495689
173,5.167952314
174,6.062054368
175,-7.269653659
176,6.190572844
177,4.309405136
178,4.30752488
179,8.041561877
180,5.835562947
181,0.929669503
182,6.190572844
183,5.316148646
184,2.628820649
185,10.35562334
186,7.031303382
187,8.041561877
188,9.419268358
189,3.297266384
190,7.527269843
191,10.35562334
192,9.378258876
193,7.187013236
194,10.20306624
195,-1.091351613
196,10.20306624
197,8.352077211
198,8.688695027
199,7.009677556
200,6.833878214
201,10.35562334
202,2.815243463
203,3.967268272
204,5.02463955
205,0.456550854
206,7.823216716
207,-1.783473954
208,10.20306624
209,7.361590858
210,6.85965921
211,2.820996819
212,4.636121463
213,8.537528339
214,7.072312864
215,8.041561877
216,9.419268358
217,9.038537265
218,9.378258876
219,-1.602480135
220,6.853967702
221,9.345364843
222,5.836398049
223,5.869292082
224,6.486275394
225,0.970007786
226,10.20306624
227,8.841252122
228,9.345364843
229,7.568279325
230,8.008667844
231,7.651572545
232,10.20306624
233,9.378258876
234,3.706952614
235,8.537528339
236,7.823216716
237,-1.544113575
238,8.874146155
239,7.467036765
240,8.029493622
241,-3.379037564
242,7.527269843
243,10.35562334
244,7.467036765
245,9.386374325
246,9.543864839
247,10.35562334
248,10.35562334
249,10.35562334
250,10.17017221
251,5.004798211
252,3.121780637
253,9.510970806
254,8.197271731
255,7.904897141
256,8.011820603
257,2.651745551
258,8.008667844
259,5.850316237
260,-0.101368741
261,7.341818715
262,-5.293934408
263,3.006447947
264,8.008667844
265,6.013733728
266,9.378258876
267,8.537528339
268,-3.945302891
269,10.17017221
270,9.952742398
271,10.20306624
272,4.676201627
273,0.178929554
274,4.668413569
275,6.845852254
276,7.904897141
277,8.688695027
278,10.35562334
279,7.904897141
280,6.045886875
281,9.378258876
282,0.479419592
283,10.35562334
284,4.791160118
285,9.378258876
286,6.654480375
287,8.409009863
288,10.35562334
289,8.041561877
290,10.35562334
291,9.378258876
292,4.32961468
293,5.147420315
294,10.20306624
295,8.874146155
296,6.053908108
297,10.20306624
298,6.900668692
299,8.537528339
300,6.709187518
301,8.19864183
302,2.136006947
303,-5.796291924
304,7.072312864
305,8.409009863
306,10.35562334
307,6.691567861
308,2.605044561
309,9.159913715
310,7.025265173
311,9.192807748
312,9.378258876
313,9.23381723
314,10.20306624
315,5.345920312
316,6.190572844
317,0.785472007
318,5.490068178
319,10.35562334
320,2.169422067
321,10.17017221
322,7.869917706
323,9.386374325
324,7.382828197
325,1.00434119
326,6.840827319
327,8.537528339
328,4.504557456
329,8.655800994
330,9.507673169
331,3.31007093
332,8.008667844
333,9.23381723
334,-2.090391862
335,8.041561877
336,6.190572844
337,9.386374325
338,10.17017221
339,6.157678811
340,6.998409348
341,3.031320748
342,9.378258876
343,10.35562334
344,10.35562334
345,6.796790728
346,7.837023673
347,6.335409193
348,10.35562334
349,10.20306624
350,5.353403442
351,7.49437581
352,-1.438667667
353,5.336859304
354,3.678046441
355,3.322928467
356,8.537528339
357,8.866124922
358,10.17017221
359,-2.27584299
360,-5.455752112
361,5.490068178
362,8.505530122
363,6.886861736
364,5.22132383
365,5.522962211
366,2.629655751
367,9.378258876
368,4.309405136
369,1.094604267
370,6.053908108
371,7.072312864
372,6.154575016
373,10.35562334
374,6.157678811
375,5.991999826
376,6.128772639
377,5.30461705
378,8.008667844
379,7.872003108
380,3.994539715
381,10.20306624
382,3.350692416
383,6.190572844
384,8.538424156
385,8.153504192
386,9.378258876
387,7.904897141
388,10.20306624
389,3.629110013
390,10.35562334
391,2.688599863
392,4.122073752
393,9.378258876
394,7.651572545
395,7.872003108
396,6.161666672
397,9.378258876
398,3.719192811
399,8.170731848
400,9.419268358
401,9.985636432
402,9.378258876
403,10.20306624
404,9.510970806
405,9.419268358
406,10.35562334
407,2.47314585
408,7.701840266
409,9.378258876
410,9.419268358
411,10.35562334
412,8.153504192
413,9.543864839
414,9.660230264
415,5.016785626
416,10.20306624
417,10.35562334
418,6.019763775
419,-3.120422501
420,8.833230889
421,10.20306624
422,5.850316237
423,3.664089449
424,-4.248164369
425,4.745374477
426,7.869917706
427,10.17017221
428,9.200923197
429,10.17017221
430,8.041561877
431,10.35562334
432,-1.691904644
433,7.837023673
434,7.856110749
435,8.841252122
436,-0.532612521
437,9.419268358
438,5.188429797
439,6.998409348
440,3.96643317
441,10.35562334
442,3.671973178
443,10.20306624
444,3.662004047
445,10.35562334
446,10.35562334
447,7.837023673
448,3.644317306
449,9.23381723
450,7.856110749
451,8.041561877
452,8.874146155
453,8.815577731
454,5.22132383
455,8.008667844
456,-2.569052682
457,9.378258876
458,3.48652205
459,7.28367104
460,9.23381723
461,10.17017221
462,6.158513913
463,9.419268358
464,10.35562334
465,3.822895543
466,10.20306624
467,10.20306624
468,8.409009863
469,8.352077211
470,9.378258876
471,3.330160418
472,7.869917706
473,10.17017221
474,7.97892657
475,10.20306624
476,8.041561877
477,7.684466578
478,9.378258876
479,8.056828793
480,2.330943622
481,10.20306624
482,1.365191676
483,9.108089865
484,2.839839573
485,7.684466578
486,3.992720173
487,0.365816646
488,2.795261714
489,10.35562334
490,10.17017221
491,10.35562334
492,2.524976924
493,8.409009863
494,10.35562334
495,5.490068178
496,6.190572844
497,4.877970627
498,9.419268358
499,7.856110749
500,6.691567861
501,9.23381723
502,8.866124922
503,8.504634306
504,3.42192358
505,7.341818715
506,9.419268358
507,10.20306624
508,8.352077211
509,-2.231496351
510,-6.564664285
511,6.519169428
512,9.419268358
513,-3.263610655
514,10.35562334
515,7.605786903
516,0.435393935
517,-2.234927724
518,5.106025539
519,4.368262069
520,5.490068178
521,9.378258876
522,0.67105444
523,3.317798383
524,9.863344633
525,8.041561877
526,-4.914551905
527,6.190572844
528,4.30752488
529,10.35562334
530,5.508910932
531,-0.568834515
532,6.021014075
533,8.688695027
534,5.286719569
535,3.155917229
536,5.303130169
537,3.298822537
538,7.651572545
539,9.386374325
540,-0.585302427
541,8.874146155
542,9.378258876
543,9.386374325
544,-3.791049309
545,-2.090391862
546,0.115459144
547,8.056828793
548,5.836398049
549,0.389573672
550,9.419268358
551,10.35562334
552,9.419268358
553,10.20306624
554,8.041561877
555,6.053908108
556,6.190572844
557,2.863135183
558,9.660230264
559,9.419268358
560,5.522962211
561,7.031303382
562,9.419268358
563,4.858198485
564,6.85965921
565,6.519169428
566,8.041561877
567,6.190572844
568,7.837023673
569,10.35562334
570,7.031303382
571,7.993301952
572,8.655800994
573,10.35562334
574,10.35562334
575,7.072312864
576,5.522962211
577,1.893436537
578,8.041561877
579,6.018928673
580,6.190572844
581,7.960407919
582,10.04879576
583,8.164377698
584,6.128772639
585,5.850316237
586,-4.707957653
587,6.966584513
588,5.386297475
589,7.869917706
590,5.73170999
591,2.956101652
592,8.537528339
593,10.35562334
594,8.874146155
595,10.35562334
596,5.180314349
597,5.522962211
598,-0.366098434
599,8.409009863
600,7.869917706
601,10.35562334
602,-0.582885794
603,10.35562334
604,8.041561877
605,8.352077211
606,7.904897141
607,8.841252122
608,8.008667844
609,10.35562334
610,8.537528339
611,9.800185304
612,10.20306624
613,0.304790056
614,-2.7667787
615,6.989073503
616,0.145200418
617,8.041561877
618,7.624625205
619,8.008667844
620,5.337511083
621,-3.068591427
622,10.20306624
623,10.35562334
624,9.419268358
625,8.866124922
626,5.641622861
627,3.15464428
628,2.992305153
629,6.190572844
630,8.164377698
631,9.419268358
632,3.800754185
633,7.308924682
634,10.35562334
635,7.40260034
636,-4.348183831
637,7.823216716
638,8.537528339
639,4.553713197
640,9.419268358
641,7.651572545
642,9.378258876
643,7.947420975
644,6.134291686
645,5.30461705
646,-5.920888405
647,6.190572844
648,3.441559762
649,7.031303382
650,9.419268358
651,7.072312864
652,6.190572844
653,3.22626157
654,10.35562334
655,8.041561877
656,9.23381723
657,7.823216716
658,5.03562838
659,6.180603713
660,9.378258876
661,-4.09393799
662,8.041561877
663,8.008667844
664,6.018928673
665,10.17017221
666,9.543864839
667,1.622411126
668,10.17017221
669,8.505469408
670,8.537528339
671,6.313388665
672,0.846540187
673,7.475365747
674,9.016387418
675,9.378258876
676,9.419268358
677,9.378258876
678,5.817422203
679,10.17017221
680,8.008667844
681,8.041561877
682,9.378258876
683,8.505469408
684,7.072312864
685,10.20306624
686,8.537528339
687,10.20306624
688,7.856110749
689,-5.422858079
690,10.35562334
691,8.197271731
692,9.345364843
693,10.40378429
694,6.519169428
695,2.988995685
696,8.537528339
697,6.005121716
698,6.494296627
699,10.35562334
700,2.362467556
701,9.419268358
702,5.522962211
703,5.995152585
704,10.17017221
705,10.20306624
706,6.867774659
707,3.483271254
708,6.687374408
709,3.316963281
710,1.282154519
711,8.874146155
712,10.35562334
713,7.856110749
714,7.823216716
715,10.35562334
716,7.856110749
717,6.251599434
718,7.031303382
719,6.157678811
720,2.990311266
721,7.568279325
722,9.23381723
723,2.652280548
724,4.439866102
725,8.505469408
726,-1.890404641
727,4.514789118
728,7.823216716
729,0.452879708
730,8.504634306
731,3.582528075
732,6.190572844
733,8.409009863
734,8.504634306
735,2.655299341
736,9.345364843
737,-0.754285643
738,5.510601825
739,9.192807748
740,9.386374325
741,5.22132383
742,8.041561877
743,-2.68216943
744,3.543454702
745,5.962258552
746,6.296978065
747,8.041561877
748,9.378258876
749,5.557941647
750,9.386374325
751,10.17017221
752,6.180603713
753,10.35562334
754,7.023992224
755,10.20306624
756,9.419268358
757,7.568279325
758,2.956174674
759,6.894638646
760,9.23381723
761,8.164377698
762,8.008667844
763,8.541721792
764,10.35562334
765,10.17017221
766,7.904897141
767,1.782376781
768,10.17017221
769,8.008667844
770,3.96643317
771,9.386374325
772,4.533216254
773,2.268718876
774,3.67405858
775,-0.858056345
776,5.972227683
777,8.041561877
778,10.20306624
779,0.28283684
780,10.35562334
781,7.568279325
782,3.543454702
783,4.136776525
784,5.345920312
785,8.866124922
786,5.181149451
787,10.35562334
788,10.35562334
789,10.35562334
790,8.874146155
791,7.349934164
792,5.022732319
793,5.8282826
794,9.378258876
795,6.837705994
796,3.688962249
797,1.282154519
798,7.678436532
799,4.829654538
800,5.715021599
801,9.378258876
802,9.200923197
803,10.35562334
804,0.768697587
805,8.170731848
806,4.654606613
807,9.507673169
808,3.706952614
809,7.56517553
810,8.041561877
811,4.991745516
812,2.998019258
813,10.35562334
814,0.944272681
815,3.021714863
816,9.693124297
817,6.146553783
818,6.012898626
819,7.527269843
820,7.072312864
821,10.35562334
822,8.041561877
823,8.874146155
824,10.20306624
825,-0.672605217
826,4.018303049
827,4.676201627
828,2.773959992
829,8.164377698
830,6.190572844
831,0.274614711
832,7.823216716
833,5.960159428
834,8.504634306
835,9.419268358
836,7.904897141
837,5.522962211
838,9.510970806
839,6.127937537
840,6.062054368
841,9.345364843
842,9.419268358
843,-0.498779972
844,8.008667844
845,9.378258876
846,9.952742398
847,-0.892641272
848,8.352077211
849,7.684466578
850,7.68655198
851,4.807163707
852,7.495210912
853,3.443658885
854,0.786949561
855,6.053908108
856,9.800185304
857,6.685543562
858,8.866124922
859,4.33594502
860,0.145108904
861,8.170731848
862,-2.641254164
863,10.17017221
864,9.345364843
865,5.522962211
866,6.341739532
867,4.858198485
868,8.041561877
869,8.008667844
870,5.654217583
871,9.419268358
872,7.651572545
873,6.045886875
874,7.872003108
875,-4.118810791
876,-1.690640623
877,10.35562334
878,8.655800994
879,-4.029819208
880,1.118204118
881,9.378258876
882,10.35562334
883,7.719446013
884,7.072312864
885,8.833230889
886,3.615303057
887,6.053908108
888,7.869917706
889,6.018928673
890,3.48652205
891,7.988578356
892,3.706952614
893,9.543864839
894,8.537528339
895,8.352077211
896,10.35562334
897,7.313274769
898,6.157678811
899,3.780982042
900,7.856110749
901,7.823216716
902,4.865063633
903,3.146265442
904,5.962258552
905,10.35562334
906,3.358674773
907,6.313388665
908,-0.537143788
909,9.200923197
910,4.172968195
911,9.378258876
912,10.35562334
913,10.35562334
914,-1.891818844
915,3.506294193
916,5.522962211
917,5.522962211
918,9.378258876
919,5.817422203
920,3.147635541
921,9.660230264
922,6.157678811
923,8.008667844
924,2.670665233
925,4.295029753
926,9.378258876
927,9.419268358
928,10.20306624
929,1.834368566
930,7.40260034
931,10.20306624
932,7.856110749
933,6.135126788
934,8.008667844
935,7.869917706
936,10.35562334
937,8.537528339
938,7.837023673
939,10.35562334
940,3.49429896
941,-6.491684999
942,-0.560907568
943,3.181244878
944,5.86845698
945,1.181166816
946,6.900668692
947,3.488607452
948,9.419268358
949,8.319183178
950,8.186398226
951,10.20306624
952,0.969356007
953,9.510970806
954,9.378258876
955,4.668413569
956,0.980516138
957,6.157678811
958,7.823216716
959,3.298822537
960,10.35562334
961,10.35562334
962,9.378258876
963,5.817422203
964,4.662722061
965,-6.0983183
966,3.488607452
967,-3.864213245
968,1.9392568
969,1.457534254
970,8.319183178
971,10.20306624
972,7.16229459
973,10.20306624
974,-1.874107096
975,9.378258876
976,-0.535105379
977,6.486275394
978,7.060244609
979,-1.427926322
980,10.17017221
981,10.20306624
982,7.678530747
983,6.14770968
984,5.833477545
985,8.537528339
986,7.382828197
987,10.17017221
988,6.687374408
989,7.693710908
990,9.386374325
991,7.568279325
992,10.35562334
993,7.837023673
994,9.378258876
995,8.537528339
996,9.419268358
997,9.419268358
998,10.17017221
999,1.65530516
1000,2.831505171
1001,5.232833887
1002,5.817422203
1003,7.40260034
1004,10.35562334
1005,6.894638646
1006,7.869917706
1007,10.35562334
1008,8.537528339
1009,-2.468939264
1010,10.35562334
1011,10.17017221
1012,10.35562334
1013,7.659981773
1014,8.688695027
1015,6.900668692
1016,5.043649613
1017,6.50192328
1018,9.378258876
1019,5.86845698
1020,8.537528339
1021,5.664865109
1022,9.378258876
1023,7.341818715
1024,8.32001828
1025,-3.019560712
1026,8.833230889
1027,6.062054368
1028,5.972227683
1029,-2.102142772
1030,6.021849177
1031,10.17017221
1032,4.482729266
1033,10.35562334
1034,10.20306624
1035,4.366775189
1036,1.468046356
1037,9.192807748
1038,-3.019560712
1039,7.869917706
1040,1.950600254
1041,3.632530712
1042,3.488607452
1043,8.285814087
1044,-6.794988033
1045,9.378258876
1046,8.008667844
1047,7.568279325
1048,5.659173427
1049,8.384153672
1050,8.537528339
1051,7.164015311
1052,8.008667844
1053,7.569114427
1054,0.135231287
1055,10.20306624
1056,9.325519678
1057,9.419268358
1058,6.190572844
1059,10.20306624
1060,9.192807748
1061,8.223558735
1062,4.154967785
1063,8.041561877
1064,2.492155913
1065,4.203754177
1066,3.287949031
1067,7.823216716
1068,9.543864839
1069,9.419268358
1070,3.440487634
1071,10.17017221
1072,10.17017221
1073,4.668948566
1074,-0.48144069
1075,9.419268358
1076,2.770723546
1077,10.20306624
1078,3.823139866
1079,6.845852254
1080,9.378258876
1081,6.062054368
1082,2.254846271
1083,4.553713197
1084,9.378258876
1085,-1.541187323
1086,8.008667844
1087,10.20306624
1088,5.973062785
1089,7.031303382
1090,9.474779136
1091,7.031303382
1092,10.35562334
1093,7.528104945
1094,6.687374408
1095,8.041561877
1096,8.041561877
1097,3.664089449
1098,10.35562334
1099,5.490068178
1100,10.35562334
1101,10.20306624
1102,6.990263089
1103,5.839198408
1104,6.401428674
1105,7.856110749
1106,-5.418591604
1107,10.35562334
1108,9.378258876
1109,7.527269843
1110,6.190572844
1111,5.017620728
1112,-5.096175253
1113,9.419268358
1114,7.904897141
1115,5.522962211
1116,6.67624938
1117,6.682323531
1118,-6.764722737
1119,7.837023673
1120,-4.942722342
1121,4.035549197
1122,8.041561877
1123,9.386374325
1124,-2.660191204
1125,10.20306624
1126,-3.194730546
1127,4.676201627
1128,5.551611307
1129,6.190572844
1130,1.447833504
1131,5.557941647
1132,-1.377283546
1133,4.796290202
1134,9.378258876
1135,-0.457598548
1136,8.197271731
1137,0.511478523
1138,10.35562334
1139,8.041561877
1140,5.490068178
1141,5.664865109
1142,6.024893859
1143,9.474779136
1144,10.35562334
1145,10.35562334
1146,9.200923197
1147,10.20306624
1148,8.041561877
1149,10.35562334
1150,6.170095361
1151,10.20306624
1152,7.228022717
1153,10.17017221
1154,-0.527919319
1155,7.837023673
1156,10.35562334
1157,9.378258876
1158,9.378258876
1159,9.358413711
1160,10.35562334
1161,10.35562334
1162,9.378258876
1163,8.008667844
1164,1.982659185
1165,-0.904000994
1166,4.592298134
1167,8.041561877
1168,4.995698323
1169,10.35562334
1170,10.17017221
1171,10.35562334
1172,4.181287836
1173,10.20306624
1174,8.335285195
1175,7.856110749
1176,1.129597424
1177,7.837023673
1178,9.159913715
1179,8.197271731
1180,-2.742501423
1181,10.35562334
1182,7.154119202
1183,1.615862693
1184,5.850316237
1185,6.190572844
1186,5.337511083
1187,10.17017221
1188,1.12571764
1189,5.522962211
1190,8.33895532
1191,10.20306624
1192,10.17017221
1193,9.23381723
1194,10.35562334
1195,6.129180095
1196,9.108089865
1197,10.35562334
1198,8.983493384
1199,5.817422203
1200,10.35562334
1201,3.658757001
1202,10.20306624
1203,3.827683032
1204,8.537528339
1205,6.313388665
1206,2.267445927
1207,3.67405858
1208,7.823216716
1209,3.970201723
1210,4.976611246
1211,4.520819164
1212,8.833230889
1213,7.856110749
1214,6.005121716
1215,6.55802083
1216,7.568279325
1217,0.271896023
1218,3.522336588
1219,7.837023673
1220,9.200923197
1221,8.538363441
1222,7.719446013
1223,10.17017221
1224,5.188429797
1225,7.823216716
1226,10.35562334
1227,8.841252122
1228,9.579229745
1229,4.994863221
1230,-0.162162156
1231,9.419268358
1232,0.786949561
1233,3.800754185
1234,7.904897141
1235,6.998409348
1236,-3.941380895
1237,5.188429797
1238,9.419268358
1239,8.409009863
1240,8.505469408
1241,10.35562334
1242,3.662004047
1243,8.041561877
1244,1.692465669
1245,8.874146155
1246,5.851686335
1247,9.419268358
1248,7.856110749
1249,10.20306624
1250,8.008667844
1251,4.018303049
1252,4.039421163
1253,8.688695027
1254,8.504634306
1255,6.837705994
1256,10.20306624
1257,4.30752488
1258,2.618618343
1259,2.96534695
1260,8.041561877
1261,2.56757378
1262,5.516932165
1263,4.676529018
1264,5.372490519
1265,8.28320369
1266,8.833230889
1267,8.504634306
1268,2.503221757
1269,3.359487115
1270,10.20306624
1271,-4.703320298
1272,1.983494287
1273,8.505469408
1274,8.319183178
1275,9.192807748
1276,-2.516712012
1277,7.569114427
1278,10.35562334
1279,9.419268358
1280,2.655299341
1281,9.419268358
1282,10.35562334
1283,4.296720646
1284,3.615303057
1285,1.394327117
1286,10.17017221
1287,-0.073188847
1288,8.041561877
1289,3.977387783
1290,8.186398226
1291,5.180314349
1292,1.26532669
1293,1.78445132
1294,10.35562334
1295,8.319183178
1296,10.35562334
1297,10.20306624
1298,-7.564284623
1299,7.869917706
1300,2.957417232
1301,0.119338928
1302,9.419268358
1303,6.320577916
1304,5.490068178
1305,6.158513913
1306,4.490750499
1307,5.801418614
1308,9.419268358
1309,6.9654238
1310,7.837023673
1311,7.072312864
1312,7.856110749
1313,8.874146155
1314,9.386374325
1315,10.17017221
1316,5.467870639
1317,6.158513913
1318,-0.03364368
1319,10.20306624
1320,10.20306624
1321,0.963398639
1322,10.20306624
1323,10.35562334
1324,1.526579331
1325,3.006447947
1326,8.041561877
1327,8.153504192
1328,8.894095619
1329,4.178171301
1330,5.549920414
1331,9.952742398
1332,8.874146155
1333,10.17017221
1334,0.831186256
1335,-1.978219264
1336,10.35562334
1337,10.20306624
1338,1.482812939
1339,6.190572844
1340,7.856110749
1341,1.112374893
1342,8.874146155
1343,9.23381723
1344,7.837023673
1345,7.042571589
1346,7.128503548
1347,8.504634306
1348,7.904897141
1349,5.833477545
1350,7.568279325
1351,9.200923197
1352,8.008667844
1353,8.008667844
1354,9.378258876
1355,10.35562334
1356,9.23381723
1357,9.419268358
1358,5.817422203
1359,6.674208082
1360,5.557941647
1361,10.35562334
1362,8.135482501
1363,7.885184621
1364,5.497087
1365,8.352077211
1366,-4.061878139
1367,6.900668692
1368,7.823216716
1369,7.528104945
1370,8.041561877
1371,5.522962211
1372,2.613488259
1373,10.20306624
1374,10.20306624
1375,4.917968466
1376,-2.381827937
1377,10.20306624
1378,0.427372702
1379,7.837023673
1380,8.688695027
1381,10.35562334
1382,10.40378429
1383,0.752791507
1384,7.031303382
1385,9.386374325
1386,6.837705994
1387,9.378258876
1388,6.162074128
1389,3.985409016
1390,5.493220937
1391,-2.74110431
1392,-1.412578923
1393,4.343777264
1394,10.35562334
1395,-5.0919818
1396,6.062054368
1397,10.35562334
1398,-2.629540087
1399,7.719446013
1400,7.568279325
1401,8.537528339
1402,1.484055497
1403,1.62231684
1404,8.848471765
1405,8.352077211
1406,10.20306624
1407,9.419268358
1408,10.35562334
1409,8.655800994
1410,9.510970806
1411,6.157678811
1412,10.35562334
1413,2.817351514
1414,5.337511083
1415,4.645415645
1416,2.28993414
1417,1.147343466
1418,10.20306624
1419,5.776519465
1420,9.386374325
1421,10.35562334
1422,6.103235793
1423,2.640596568
1424,3.662004047
1425,2.97515052
1426,4.668180394
1427,7.837023673
1428,2.35643751
1429,6.682900514
1430,10.17017221
1431,8.041561877
1432,6.005121716
1433,8.50071231
1434,10.35562334
1435,10.35562334
1436,10.20306624
1437,-1.423452428
1438,-0.0555831
1439,7.837023673
1440,8.688695027
1441,2.477098656
1442,6.521383649
1443,7.382828197
1444,6.190572844
1445,5.209255576
1446,-0.760998314
1447,-6.425001126
1448,9.378258876
1449,10.35562334
1450,9.419268358
1451,10.17017221
1452,8.352077211
1453,9.419268358
1454,-1.528914024
1455,5.023804448
1456,7.308924682
1457,3.639914247
1458,7.196909345
1459,9.23381723
1460,9.419268358
1461,0.553773124
1462,9.192807748
1463,10.35562334
1464,4.984894089
1465,2.136006947
1466,7.684466578
1467,10.17017221
1468,-0.554877522
1469,5.834312647
1470,8.041561877
1471,10.17017221
1472,2.452061953
1473,-0.517364098
1474,8.008667844
1475,6.81295822
1476,8.319183178
1477,8.655800994
1478,8.505469408
1479,10.20306624
1480,8.197806728
1481,4.975776144
1482,-3.751362805
1483,8.041561877
1484,10.35562334
1485,9.378258876
1486,9.378258876
1487,10.17017221
1488,-1.771855296
1489,10.20306624
1490,8.655800994
1491,8.352077211
1492,-4.215270336
1493,5.833477545
1494,10.20306624
1495,1.958934656
1496,-8.465363283
1497,6.494296627
1498,7.904897141
1499,4.018303049
1500,10.35562334
1501,8.537528339
1502,10.20306624
1503,10.20306624
1504,8.041561877
1505,3.80197825
1506,-1.598938175
1507,8.008667844
1508,10.35562334
1509,9.419268358
1510,10.35562334
1511,4.52241577
1512,0.847088698
1513,3.03934198
1514,-0.568834515
1515,8.164377698
1516,10.35562334
1517,-2.571789863
1518,10.35562334
1519,8.041561877
1520,6.458726127
1521,10.35562334
1522,10.35562334
1523,10.20306624
1524,10.20306624
1525,9.23381723
1526,4.881602219
1527,7.949196271
1528,4.520819164
1529,2.817424536
1530,6.486275394
1531,10.35562334
1532,10.35562334
1533,3.706952614
1534,8.041561877
1535,2.476263554
1536,5.817422203
1537,6.9654238
1538,9.345364843
1539,10.35562334
1540,9.386374325
1541,5.860435747
1542,10.20306624
1543,7.869917706
1544,7.719446013
1545,8.041561877
1546,10.35562334
1547,9.200923197
1548,3.789862187
1549,10.35562334
1550,8.815577731
1551,6.128772639
1552,5.806548698
1553,9.378258876
1554,7.68655198
1555,9.325519678
1556,8.680673794
1557,10.35562334
1558,8.041561877
1559,10.35562334
1560,7.693710908
1561,5.801418614
1562,10.20306624
1563,7.350769266
1564,10.35562334
1565,2.831505171
1566,2.924431684
1567,9.419268358
1568,10.20306624
1569,10.35562334
1570,10.35562334
1571,8.041561877
1572,7.527269843
1573,3.642231904
1574,9.764680873
1575,-1.14332713
1576,10.20306624
1577,-0.568928801
1578,7.382828197
1579,10.17017221
1580,2.823389722
1581,10.35562334
1582,-0.539862477
1583,10.20306624
1584,10.17017221
1585,2.970466101
1586,9.345364843
1587,8.041561877
1588,8.041561877
1589,7.382828197
1590,8.352077211
1591,7.031303382
1592,9.23381723
1593,0.178929554
1594,6.845852254
1595,2.496035697
1596,10.20306624
1597,8.041561877
1598,9.378258876
1599,8.041561877
1600,10.17017221
1601,8.409009863
1602,7.651572545
1603,8.1153057
1604,3.813876075
1605,7.904897141
1606,1.438031164
1607,8.537528339
1608,4.975776144
1609,9.952742398
1610,6.998409348
1611,10.35562334
1612,3.780982042
1613,10.20306624
1614,10.17017221
1615,8.197271731
1616,7.023157122
1617,7.869917706
1618,2.44404072
1619,10.20306624
1620,8.008667844
1621,8.537528339
1622,2.669830131
1623,7.823216716
1624,9.419268358
1625,5.147420315
1626,9.23381723
1627,10.17017221
1628,9.419268358
1629,10.20306624
1630,7.823216716
1631,9.693124297
1632,7.869917706
1633,6.053908108
1634,4.676529018
1635,2.290965384
1636,0.070277402
1637,8.874146155
1638,5.216357207
1639,8.866124922
1640,9.378258876
1641,6.157678811
1642,9.378258876
1643,6.157678811
1644,9.200923197
1645,8.371849354
1646,8.688695027
1647,9.660230264
1648,10.17017221
1649,8.412696791
1650,6.180603713
1651,10.35562334
1652,10.20306624
1653,-0.578119769
1654,9.378258876
1655,-4.794088162
1656,7.023157122
1657,10.04879576
1658,2.96835805
1659,9.378258876
1660,7.527269843
1661,7.97892657
1662,10.35562334
1663,-1.578257908
1664,8.011820603
1665,1.950600254
1666,1.352209061
1667,7.856110749
1668,4.295029753
1669,6.062054368
1670,2.453304511
1671,9.345364843
1672,8.352077211
1673,9.764680873
1674,9.419268358
1675,2.219524367
1676,1.758776929
1677,-4.910629909
1678,6.519169428
1679,-1.729248762
1680,10.17017221
1681,8.352077211
1682,10.35562334
1683,10.35562334
1684,8.505469408
1685,9.358413711
1686,8.352077211
1687,8.505469408
1688,7.527269843
1689,9.474779136
1690,10.35562334
1691,10.35562334
1692,5.644221879
1693,7.917137339
1694,7.823216716
1695,5.386297475
1696,-6.610452254
1697,5.395092174
1698,6.191407946
1699,8.17875308
1700,10.35562334
1701,10.35562334
1702,5.986869741
1703,6.346282698
1704,9.419268358
1705,10.20306624
1706,10.20306624
1707,5.087729599
1708,8.008667844
1709,9.378258876
1710,8.504634306
1711,10.35562334
1712,3.822895543
1713,3.999327203
1714,4.840057741
1715,9.378258876
1716,9.660230264
1717,6.501105708
1718,8.409009863
1719,9.660230264
1720,8.833230889
1721,8.041561877
1722,1.455022755
1723,1.697667605
1724,8.041561877
1725,10.35562334
1726,3.100231026
1727,6.032313094
1728,8.145859047
1729,3.639914247
1730,5.627259381
1731,6.190572844
1732,7.569114427
1733,5.631971075
1734,10.35562334
1735,3.798215263
1736,3.510560668
1737,-0.382971595
1738,5.265601455
1739,8.319183178
1740,8.164377698
1741,4.672279632
1742,8.008667844
1743,8.538363441
1744,10.17017221
1745,8.815577731
1746,10.17017221
1747,9.660230264
1748,9.419268358
1749,5.86845698
1750,8.688695027
1751,10.20306624
1752,8.874146155
1753,2.619453445
1754,7.904897141
1755,9.693124297
1756,9.200923197
1757,7.869917706
1758,10.35562334
1759,0.136771729
1760,7.164015311
1761,10.35562334
1762,9.192807748
1763,8.874146155
1764,9.386374325
1765,8.371849354
1766,5.962258552
1767,10.35562334
1768,9.386374325
1769,10.35562334
1770,3.706952614
1771,8.688695027
1772,10.20306624
1773,4.504557456
1774,10.20306624
1775,9.543864839
1776,8.841252122
1777,10.35562334
1778,9.378258876
1779,5.181149451
1780,10.35562334
1781,8.352077211
1782,1.692465669
1783,-6.392107093
1784,8.866124922
1785,4.287047397
1786,4.39889582
1787,1.188352947
1788,10.35562334
1789,4.50667637
1790,5.986869741
1791,7.869917706
1792,7.684466578
1793,2.924431684
1794,9.378258876
1795,0.224948323
1796,10.17017221
1797,6.05474321
1798,10.35562334
1799,3.025290701
1800,10.35562334
1801,3.999327203
1802,9.419268358
1803,6.322652456
1804,8.041561877
1805,6.715217564
1806,7.341818715
1807,5.532674266
1808,6.85965921
1809,6.841899447
1810,3.965696496
1811,8.008667844
1812,2.111522142
1813,7.30854384
1814,6.990263089
1815,8.389164698
1816,-2.600113159
1817,10.35562334
1818,-5.584270589
1819,10.35562334
1820,8.352077211
1821,7.684466578
1822,6.029160334
1823,1.918095184
1824,9.345364843
1825,7.693710908
1826,3.511532354
1827,6.018928673
1828,6.826765177
1829,10.20306624
1830,7.656684136
1831,7.350769266
1832,10.35562334
1833,-0.495123435
1834,10.35562334
1835,6.170483356
1836,-4.5656473
1837,-0.535940481
1838,1.988168218
1839,2.702724164
1840,1.972150833
1841,6.158513913
1842,9.378258876
1843,10.35562334
1844,7.856110749
1845,7.68655198
1846,4.33594502
1847,9.543864839
1848,10.35562334
1849,1.685154511
1850,8.041561877
1851,7.837023673
1852,8.533606344
1853,7.031303382
1854,10.35562334
1855,-3.896199154
1856,10.35562334
1857,10.35562334
1858,2.990311266
1859,9.660230264
1860,9.23381723
1861,6.191407946
1862,8.319183178
1863,7.869917706
1864,6.062054368
1865,3.67280828
1866,10.17017221
1867,10.20306624
1868,6.313388665
1869,7.313274769
1870,8.223558735
1871,5.823776353
1872,8.409009863
1873,10.35562334
1874,2.47314585
1875,10.20306624
1876,-1.413517438
1877,5.991999826
1878,9.345364843
1879,4.343777264
1880,4.31320408
1881,8.537528339
1882,10.40378429
1883,10.35562334
1884,3.706952614
1885,10.35562334
1886,7.869917706
1887,9.660230264
1888,-1.684554606
1889,9.378258876
1890,6.355546489
1891,7.869917706
1892,8.655800994
1893,6.135126788
1894,-1.229259088
1895,2.506039883
1896,3.453628017
1897,10.20306624
1898,7.1685888
1899,8.538363441
1900,-1.096098403
1901,-3.5468246
1902,-1.403053522
1903,5.326456102
1904,-4.918745358
1905,7.837023673
1906,10.17017221
1907,8.504634306
1908,9.325519678
1909,6.886861736
1910,3.706952614
1911,6.021849177
1912,8.041561877
1913,10.35562334
1914,3.603646189
1915,10.35562334
1916,0.345799538
1917,8.197271731
1918,-0.190582296
1919,5.492075975
1920,10.17017221
1921,8.041561877
1922,8.041561877
1923,10.20306624
1924,-7.638363908
1925,7.86388766
1926,3.366412802
1927,10.20306624
1928,10.20306624
1929,9.378258876
1930,10.20306624
1931,1.474120507
1932,5.516932165
1933,10.35562334
1934,8.352077211
1935,8.352077211
1936,10.35562334
1937,3.706952614
1938,6.190572844
1939,10.17017221
1940,4.668180394
1941,6.900668692
1942,10.17017221
1943,10.35562334
1944,6.654480375
1945,9.378258876
1946,9.985636432
1947,9.419268358
1948,9.693124297
1949,9.419268358
1950,10.17017221
1951,2.476263554
1952,9.378258876
1953,2.47314585
1954,10.35562334
1955,8.537528339
1956,10.17017221
1957,10.35562334
1958,10.35562334
1959,6.480160634
1960,1.723204451
1961,10.35562334
1962,7.872003108
1963,10.20306624
1964,9.419268358
1965,10.35562334
1966,6.469029247
1967,7.334100548
1968,4.472760135
1969,9.474779136
1970,-3.785394395
1971,5.52017914
1972,9.510970806
1973,5.177196644
1974,7.624625205
1975,9.378258876
1976,9.378258876
1977,8.537528339
1978,7.56517553
1979,6.886861736
1980,9.660230264
1981,9.325519678
1982,7.031303382
1983,2.688672885
1984,8.46452064
1985,6.845852254
1986,5.490068178
1987,10.20306624
1988,4.961969187
1989,-4.082558406
1990,1.507014541
1991,7.001562108
1992,2.973065118
1993,7.719446013
1994,10.17017221
1995,7.684466578
1996,8.029493622
1997,7.823216716
1998,6.191407946
1999,1.468046356
2000,10.20306624
2001,3.009600706
2002,6.486275394
2003,10.20306624
2004,7.093524112
2005,7.536220394
2006,10.35562334
2007,7.657519238
2008,-0.260010074
2009,8.874146155
2010,-2.211724208
2011,10.35562334
2012,9.474779136
2013,7.536220394
2014,1.272869264
2015,5.861270849
2016,1.174713691
2017,10.20306624
2018,1.107324016
2019,5.850316237
2020,9.325519678
2021,4.547683151
2022,9.419268358
2023,2.988995685
2024,5.787691904
2025,5.986869741
2026,3.336671528
2027,10.35562334
2028,10.17017221
2029,10.35562334
2030,-3.071391786
2031,9.386374325
2032,7.68655198
2033,10.17017221
2034,10.17017221
2035,5.508910932
2036,8.647779761
2037,6.314223767
2038,8.008667844
2039,10.17017221
2040,10.35562334
2041,2.832558807
2042,7.023157122
2043,9.325519678
2044,-0.882804119
2045,8.504634306
2046,7.651572545
2047,8.008667844
2048,10.20306624
2049,-1.731650105
2050,10.20306624
2051,7.004340419
2052,9.660230264
2053,-8.283209791
2054,10.35562334
2055,10.17017221
2056,6.190572844
2057,10.17017221
2058,0.028278727
2059,10.35562334
2060,8.008667844
2061,10.20306624
2062,9.419268358
2063,9.23381723
2064,10.20306624
2065,2.661714682
2066,2.070264909
2067,6.355546489
2068,10.17017221
2069,-2.013151189
2070,7.823216716
2071,8.538363441
2072,7.1685888
2073,10.20306624
2074,1.260889594
2075,5.687111617
2076,4.340418913
2077,-2.90930929
2078,10.17017221
2079,10.17017221
2080,3.317798383
2081,9.693124297
2082,10.35562334
2083,9.23381723
2084,7.904897141
2085,3.33171657
2086,5.178460666
2087,3.453628017
2088,7.846328717
2089,5.522962211
2090,10.17017221
2091,10.35562334
2092,10.17017221
2093,8.348155216
2094,-0.251988841
2095,8.352077211
2096,8.041561877
2097,10.35562334
2098,8.866124922
2099,10.20306624
2100,8.504634306
2101,7.996599589
2102,5.345920312
2103,5.161304286
2104,10.35562334
2105,6.005121716
2106,10.35562334
2107,8.409009863
2108,9.812841822
2109,7.68655198
2110,4.510522642
2111,4.479809682
2112,8.866124922
2113,2.506039883
2114,7.97892657
2115,10.20306624
2116,3.873742178
2117,10.17017221
2118,7.823216716
2119,10.17017221
2120,9.200923197
2121,2.299504859
2122,2.166318272
2123,3.521501486
2124,9.474779136
2125,10.20306624
2126,6.102400691
2127,7.651572545
2128,9.693124297
2129,4.807698704
2130,10.35562334
2131,3.639079145
2132,9.200923197
2133,10.35562334
2134,8.008667844
2135,3.67405858
2136,7.837023673
2137,7.166233487
2138,6.812866706
2139,10.20306624
2140,6.45677827
2141,10.35562334
2142,-7.236759626
2143,7.719446013
2144,10.35562334
2145,3.113371409
2146,-0.417667826
2147,10.20306624
2148,10.35562334
2149,10.20306624
2150,7.837023673
2151,5.817422203
2152,9.419268358
2153,8.041561877
2154,7.842135264
2155,2.116279239
2156,10.17017221
2157,8.389164698
2158,6.715217564
2159,8.041561877
2160,8.041561877
2161,10.35562334
2162,9.510970806
2163,3.813876075
2164,2.646054043
2165,4.15104579
2166,7.528104945
2167,6.172381584
2168,10.35562334
2169,9.419268358
2170,3.977293567
2171,9.543864839
2172,4.643307594
2173,10.35562334
2174,7.68655198
2175,5.946592173
2176,6.019763775
2177,10.35562334
2178,10.20306624
2179,10.20306624
2180,6.715217564
2181,9.419268358
2182,5.986869741
2183,10.35562334
2184,-2.018646427
2185,9.23381723
2186,9.378258876
2187,8.352077211
2188,7.837023673
2189,3.966672559
2190,10.17017221
2191,10.17017221
2192,9.378258876
2193,3.627906706
2194,6.190572844
2195,7.823216716
2196,3.823761037
2197,10.17017221
2198,10.20306624
2199,8.874146155
2200,9.419268358
2201,6.005121716
2202,4.472498525
2203,9.325519678
2204,8.538363441
2205,5.522962211
2206,3.583633089
2207,8.533606344
2208,6.005121716
2209,10.35562334
2210,8.041561877
2211,9.23381723
2212,9.419268358
2213,7.904897141
2214,8.538363441
2215,5.817422203
2216,9.386374325
2217,8.537528339
2218,1.188352947
2219,10.35562334
2220,2.321458075
2221,10.35562334
2222,2.651512376
2223,9.378258876
2224,10.35562334
2225,6.841899447
2226,-6.724625671
2227,6.656360631
2228,8.041561877
2229,2.166318272
2230,0.304790056
2231,6.158513913
2232,8.352077211
2233,8.866124922
2234,0.811560751
2235,8.505530122
2236,1.644145029
2237,3.453628017
2238,10.17017221
2239,10.35562334
2240,7.869917706
2241,7.528104945
2242,3.15464428
2243,4.30752488
2244,10.35562334
2245,7.015135889
2246,8.008667844
2247,-1.598938175
2248,-1.900606947
2249,10.20306624
2250,6.009315169
2251,9.23381723
2252,-2.091226964
2253,7.869917706
2254,10.20306624
2255,6.709187518
2256,7.904897141
2257,6.853967702
2258,8.537528339
2259,7.527269843
2260,9.419268358
2261,7.072312864
2262,1.340293101
2263,6.936327378
2264,9.378258876
2265,10.35562334
2266,5.549920414
2267,6.886861736
2268,-5.645960338
2269,8.504634306
2270,7.568279325
2271,8.041561877
2272,2.817351514
2273,1.945530884
2274,10.20306624
2275,8.319183178
2276,9.419268358
2277,8.630126603
2278,10.17017221
2279,10.17017221
2280,7.467036765
2281,8.874146155
2282,1.433782224
2283,8.537528339
2284,10.35562334
2285,0.767862485
2286,8.041561877
2287,7.228022717
2288,10.20306624
2289,2.288610071
2290,9.192807748
2291,8.352912313
2292,5.836398049
2293,8.041561877
2294,-0.702810466
2295,8.504634306
2296,5.181149451
2297,5.499780233
2298,10.35562334
2299,-3.564277654
2300,3.298822537
2301,5.337511083
2302,6.053908108
2303,7.535385292
2304,6.867774659
2305,6.190572844
2306,-3.286101486
2307,2.799835203
2308,6.14770968
2309,10.20306624
2310,7.856110749
2311,7.072312864
2312,8.409009863
2313,7.009677556
2314,6.723626793
2315,-4.118810791
2316,4.297555748
2317,0.622156817
2318,9.660230264
2319,7.031303382
2320,7.023157122
2321,2.086945421
2322,7.031303382
2323,7.904897141
2324,8.389164698
2325,2.070264909
2326,8.041561877
2327,5.712073808
2328,-2.566294625
2329,10.35562334
2330,10.17017221
2331,9.378258876
2332,7.350769266
2333,10.35562334
2334,2.599681302
2335,5.176361542
2336,9.192807748
2337,5.337511083
2338,6.018928673
2339,6.691567861
2340,10.35562334
2341,2.487577664
2342,4.025614207
2343,8.041561877
2344,8.008667844
2345,10.35562334
2346,10.35562334
2347,3.767841659
2348,10.17017221
2349,10.35562334
2350,9.200923197
2351,4.796290202
2352,9.386374325
2353,10.17017221
2354,6.157678811
2355,4.458691568
2356,-0.715305592
2357,4.520819164
2358,8.041561877
2359,10.35562334
2360,7.605786903
2361,4.760386437
2362,7.467036765
2363,10.20306624
2364,-0.152938134
2365,10.17017221
2366,8.537528339
2367,7.856110749
2368,10.17017221
2369,10.20306624
2370,7.823216716
2371,-2.701106471
2372,10.35562334
2373,10.35562334
2374,-4.248208473
2375,4.678309678
2376,5.972227683
2377,7.568279325
2378,6.421703163
2379,3.814711177
2380,6.190572844
2381,6.314631223
2382,10.35562334
2383,9.660230264
2384,8.505469408
2385,10.35562334
2386,9.345364843
2387,6.05474321
2388,7.031303382
2389,-1.735602911
2390,9.419268358
2391,7.837023673
2392,7.856110749
2393,9.378258876
2394,8.011820603
2395,9.345364843
2396,5.490068178
2397,5.801418614
2398,7.684466578
2399,7.134274037
2400,-0.073236258
2401,6.314631223
2402,9.419268358
2403,8.537528339
2404,4.831334498
2405,8.828325893
2406,9.23381723
2407,0.178094452
2408,9.325519678
2409,8.319183178
2410,10.35562334
2411,8.041561877
2412,7.684466578
2413,6.894638646
2414,10.20306624
2415,-0.623277533
2416,8.798042256
2417,5.66779856
2418,-5.770556819
2419,8.371849354
2420,-2.927858264
2421,10.17017221
2422,-1.857510607
2423,9.345364843
2424,5.111155623
2425,8.389164698
2426,7.719446013
2427,7.872003108
2428,-2.258096949
2429,2.747001789
2430,7.031303382
2431,10.40378429
2432,-1.555484231
2433,6.804811961
2434,8.833230889
2435,0.592346347
2436,10.35562334
2437,10.17017221
2438,1.447833504
2439,8.389164698
2440,10.35562334
2441,8.008667844
2442,10.20306624
2443,9.325519678
2444,10.35562334
2445,10.20306624
2446,9.378258876
2447,10.35562334
2448,5.331575252
2449,8.041561877
2450,7.382828197
2451,10.35562334
2452,4.286212295
2453,7.031303382
2454,9.23381723
2455,10.17017221
2456,-3.433825191
2457,9.419268358
2458,10.20306624
2459,8.008667844
2460,6.99237114
2461,9.378258876
2462,5.98603464
2463,8.008667844
2464,8.537528339
2465,8.537528339
2466,10.35562334
2467,7.03941883
2468,8.041561877
2469,10.35562334
2470,7.837023673
2471,7.810076333
2472,5.043649613
2473,7.761496757
2474,5.850316237
2475,1.100012858
2476,10.35562334
2477,1.425799868
2478,9.419268358
2479,10.35562334
2480,9.660230264
2481,9.23381723
2482,10.17017221
2483,9.200923197
2484,3.443658885
2485,8.197271731
2486,5.557941647
2487,10.17017221
2488,5.441808253
2489,8.537528339
2490,10.17017221
2491,8.574615826
2492,3.495228278
2493,10.35562334
2494,5.522962211
2495,10.17017221
2496,2.702724164
2497,10.20306624
2498,-0.531674006
2499,9.378258876
2500,7.031303382
2501,7.293185281
2502,4.924848111
2503,7.904897141
2504,5.801418614
2505,8.866124922
2506,-1.505189495
2507,9.419268358
2508,2.12554303
2509,5.386297475
2510,5.522962211
2511,8.537528339
2512,9.378258876
2513,-2.18883064
2514,9.543864839
2515,8.537528339
2516,5.557941647
2517,10.35562334
2518,10.20306624
2519,1.01214615
2520,9.419268358
2521,5.01286363
2522,10.20306624
2523,10.20306624
2524,9.419268358
2525,7.072312864
2526,8.041561877
2527,-5.137090519
2528,8.170731848
2529,10.04879576
2530,10.35562334
2531,5.154923162
2532,10.20306624
2533,9.510970806
2534,8.319183178
2535,5.995152585
2536,5.023804448
2537,9.192807748
2538,6.157678811
2539,8.041561877
2540,3.907796699
2541,5.353403442
2542,6.021014075
2543,3.347801267
2544,8.319183178
2545,2.696694118
2546,7.869917706
2547,3.833648218
2548,8.866124922
2549,10.17017221
2550,10.35562334
2551,9.325519678
2552,10.20306624
2553,5.460326904
2554,10.17017221
2555,8.008667844
2556,9.159913715
2557,8.041561877
2558,10.20306624
2559,-1.413581334
2560,10.35562334
2561,3.983323614
2562,10.20306624
2563,8.537528339
2564,4.553713197
2565,5.522962211
2566,2.452061953
2567,5.522962211
2568,4.985721217
2569,10.35562334
2570,8.50071231
2571,7.651572545
2572,10.35562334
2573,9.345364843
2574,5.017620728
2575,4.840057741
2576,7.823216716
2577,10.35562334
2578,10.17017221
2579,10.35562334
2580,10.35562334
2581,10.17017221
2582,3.833648218
2583,6.313388665
2584,2.78513243
2585,-0.194848771
2586,5.22132383
2587,10.20306624
2588,7.184255179
2589,8.688695027
2590,8.008667844
2591,8.537528339
2592,1.282154519
2593,-4.126832023
2594,9.419268358
2595,10.20306624
2596,9.378258876
2597,9.419268358
2598,6.841899447
2599,9.325519678
2600,6.296978065
2601,4.994863221
2602,10.35562334
2603,6.682323531
2604,8.041561877
2605,10.17017221
2606,10.35562334
2607,-6.392107093
2608,-2.686369076
2609,10.35562334
2610,7.904897141
2611,2.476263554
2612,10.20306624
2613,5.337511083
2614,10.20306624
2615,5.014635363
2616,9.693124297
2617,-1.538083528
2618,-3.230746945
2619,5.120081271
2620,7.527269843
2621,10.35562334
2622,9.693124297
2623,6.845852254
2624,4.840057741
2625,10.20306624
2626,9.510970806
2627,8.841252122
2628,6.180603713
2629,9.325519678
2630,1.608779519
2631,8.841252122
2632,10.35562334
2633,4.512703715
2634,5.050514761
2635,3.732999768
2636,9.23381723
2637,8.02147239
2638,8.655800994
2639,10.35562334
2640,7.309759784
2641,9.378258876
2642,6.314631223
2643,10.20306624
2644,10.35562334
2645,5.505335093
2646,9.510970806
2647,5.790882319
2648,4.136776525
2649,8.041561877
2650,9.693124297
2651,2.858434018
2652,10.35562334
2653,7.568279325
2654,9.985636432
2655,5.850316237
2656,2.702724164
2657,10.35562334
2658,7.856110749
2659,3.671973178
2660,7.569114427
2661,6.190572844
2662,5.02929872
2663,8.190664701
2664,5.972227683
2665,9.660230264
2666,6.505281631
2667,8.041561877
2668,4.472498525
2669,9.378258876
2670,-0.754285643
2671,10.20306624
2672,4.547683151
2673,7.536220394
2674,8.319183178
2675,10.17017221
2676,9.345364843
2677,4.325071514
2678,6.845852254
2679,5.801418614
2680,8.534424544
2681,6.331957501
2682,10.17017221
2683,6.053908108
2684,7.027350575
2685,8.874146155
2686,10.35562334
2687,10.17017221
2688,9.23381723
2689,10.17017221
2690,-1.731650105
2691,-0.75489817
2692,5.713651501
2693,8.922638738
2694,3.33171657
2695,10.20306624
2696,9.378258876
2697,-1.731650105
2698,6.005121716
2699,8.008667844
2700,4.698549546
2701,8.537528339
2702,-1.096098403
2703,10.20306624
2704,4.0204111
2705,10.35562334
2706,-4.718831159
2707,10.35562334
2708,10.35562334
2709,6.805647063
2710,6.053908108
2711,0.170073219
2712,6.190572844
2713,5.800583512
2714,10.35562334
2715,8.352077211
2716,7.856110749
2717,7.027350575
2718,5.850316237
2719,6.056016159
2720,5.986869741
2721,9.378258876
2722,6.111526937
2723,6.688270224
2724,5.631971075
2725,0.178929554
2726,10.35562334
2727,7.072312864
2728,5.490068178
2729,0.647132066
2730,9.378258876
2731,8.041561877
2732,10.20306624
2733,10.35562334
2734,8.874146155
2735,8.041561877
2736,10.35562334
2737,10.20306624
2738,10.20306624
2739,8.041561877
2740,10.20306624
2741,-0.436624102
2742,9.419268358
2743,8.197271731
2744,10.17017221
2745,10.20306624
2746,10.20306624
2747,8.537528339
2748,9.386374325
2749,8.505469408
2750,-1.536194791
2751,9.419268358
2752,-1.369689185
2753,7.823216716
2754,10.35562334
2755,7.823216716
2756,8.33895532
2757,4.000569761
2758,-1.209581161
2759,6.135126788
2760,5.801418614
2761,5.850316237
2762,-1.57083163
2763,9.419268358
2764,10.17017221
2765,10.20306624
2766,9.192807748
2767,6.486275394
2768,6.520860321
2769,9.800185304
2770,5.962258552
2771,6.519169428
2772,5.009505279
2773,5.30461705
2774,3.652718792
2775,5.800583512
2776,3.833648218
2777,8.197271731
2778,9.952742398
2779,7.031303382
2780,7.811148461
2781,3.639079145
2782,10.35562334
2783,0.241921574
2784,5.800583512
2785,6.853967702
2786,8.537528339
2787,0.428207804
2788,10.20306624
2789,1.131682826
2790,10.35562334
2791,2.998332499
2792,9.419268358
2793,8.504634306
2794,9.579229745
2795,6.439018507
2796,8.389164698
2797,3.813876075
2798,4.8062067
2799,3.148350844
2800,5.22132383
2801,1.13615672
2802,1.471939434
2803,9.419268358
2804,4.297555748
2805,5.654217583
2806,9.378258876
2807,7.869917706
2808,9.200923197
2809,6.347525256
2810,1.947067222
2811,7.823216716
2812,7.342653817
2813,9.378258876
2814,10.17017221
2815,3.807108334
2816,2.506039883
2817,7.568279325
2818,8.833230889
2819,6.190572844
2820,4.553713197
2821,7.869917706
2822,9.543864839
2823,5.313026278
2824,2.957417232
2825,0.249942807
2826,4.994863221
2827,9.386374325
2828,10.35562334
2829,7.626612682
2830,10.35562334
2831,10.35562334
2832,9.358413711
2833,7.651572545
2834,10.35562334
2835,-5.64120324
2836,9.76729127
2837,8.680673794
2838,7.031303382
2839,7.501878656
2840,10.35562334
2841,9.23381723
2842,10.35562334
2843,7.651572545
2844,9.510970806
2845,10.17017221
2846,8.833230889
2847,8.537528339
2848,9.419268358
2849,8.041561877
2850,-0.253276716
2851,2.736872505
2852,10.17017221
2853,5.834312647
2854,-0.568834515
2855,10.35562334
2856,8.541721792
2857,10.17017221
2858,10.35562334
2859,10.35562334
2860,8.008667844
2861,-1.096098403
2862,1.622411126
2863,3.64819709
2864,9.23381723
2865,9.419268358
2866,7.684466578
2867,-4.232180419
2868,10.20306624
2869,10.40378429
2870,9.200923197
2871,2.637938594
2872,0.620705039
2873,8.504634306
2874,9.378258876
2875,4.000569761
2876,7.568279325
2877,7.904897141
2878,4.8321696
2879,8.537528339
2880,10.17017221
2881,9.378258876
2882,-0.763570897
2883,9.23381723
2884,9.419268358
2885,3.706952614
2886,2.541640231
2887,9.693124297
2888,9.510970806
2889,10.20306624
2890,8.688695027
2891,-2.601483258
2892,9.419268358
2893,8.319183178
2894,3.96643317
2895,8.352077211
2896,8.041561877
2897,-3.579718634
2898,0.928998304
2899,7.660877589
2900,10.35562334
2901,9.985636432
2902,-2.912480542
2903,8.504634306
2904,-0.073852934
2905,8.537528339
2906,9.419268358
2907,5.833477545
2908,10.20306624
2909,9.23381723
2910,-6.610452254
2911,7.467036765
2912,5.794553465
2913,9.23381723
2914,10.17017221
2915,-0.719306207
2916,7.68655198
2917,7.904897141
2918,10.35562334
2919,3.371169899
2920,1.334893199
2921,10.17017221
2922,7.856110749
2923,8.352077211
2924,0.771416275
2925,3.287949031
2926,9.797574906
2927,9.474779136
2928,8.688695027
2929,8.537528339
2930,8.505469408
2931,10.20306624
2932,3.851788962
2933,4.695616095
2934,6.190572844
2935,10.35562334
2936,8.32001828
2937,3.366696006
2938,7.856110749
2939,1.455022755
2940,4.31994143
2941,6.525961898
2942,7.651572545
2943,3.95042958
2944,10.20306624
2945,7.684466578
2946,6.190572844
2947,10.35562334
2948,5.22132383
2949,6.347525256
2950,-1.389887196
2951,7.823216716
2952,9.985636432
2953,-4.215270336
2954,10.35562334
2955,10.20306624
2956,8.32001828
2957,0.960038655
2958,6.796790728
2959,0.972400689
2960,10.35562334
2961,-0.730338539
2962,5.995152585
2963,0.335191242
2964,10.17017221
2965,9.23381723
2966,8.537528339
2967,7.031303382
2968,9.800185304
2969,3.696983482
2970,10.35562334
2971,9.419268358
2972,9.358413711
2973,10.17017221
2974,5.284527562
2975,2.34043392
2976,3.833648218
2977,5.991999826
2978,9.290243357
2979,5.952665549
2980,9.386374325
2981,8.041561877
2982,5.009505279
2983,5.972227683
2984,7.823216716
2985,2.476263554
2986,10.35562334
2987,5.339596485
2988,5.714186497
2989,9.159913715
2990,2.152501232
2991,10.35562334
2992,6.494296627
2993,3.873534826
2994,10.20306624
2995,6.127937537
2996,4.666232496
2997,-0.567999413
2998,5.466681053
2999,-5.666877631
3000,8.538363441
3001,6.024893859
3002,9.23381723
3003,3.698931381
3004,8.008667844
3005,-4.247329267
3006,1.352209061
3007,8.041561877
3008,7.693710908
3009,9.378258876
3010,0.47858449
3011,10.35562334
3012,8.008667844
3013,1.816116591
3014,8.041561877
3015,2.998426714
3016,10.35562334
3017,9.378258876
3018,10.20306624
3019,9.378258876
3020,7.869917706
3021,1.882203384
3022,10.20306624
3023,7.856110749
3024,5.522962211
3025,8.041561877
3026,8.537528339
3027,-2.057497829
3028,7.869917706
3029,9.016387418
3030,10.17017221
3031,10.20306624
3032,-0.351821424
3033,0.658437071
3034,7.719446013
3035,7.341818715
3036,5.525047613
3037,7.031303382
3038,3.794788999
3039,3.33171657
3040,10.35562334
3041,6.162074128
3042,9.386374325
3043,5.995152585
3044,-2.090391862
3045,6.867774659
3046,10.17017221
3047,7.346168803
3048,9.378258876
3049,3.975696961
3050,9.474779136
3051,10.35562334
3052,7.568279325
3053,9.159913715
3054,3.298822537
3055,10.20306624
3056,10.17017221
3057,5.081065676
3058,10.20306624
3059,5.833477545
3060,7.869917706
3061,10.35562334
3062,10.17017221
3063,7.872003108
3064,6.157678811
3065,7.68655198
3066,-2.682390997
3067,9.419268358
3068,7.719446013
3069,8.874146155
3070,10.35562334
3071,9.675497179
3072,9.23381723
3073,5.372490519
3074,10.35562334
3075,9.419268358
3076,9.419268358
3077,0.012415466
3078,8.520736323
3079,5.359350136
3080,-6.299435806
3081,10.35562334
3082,5.980004593
3083,1.075340954
3084,4.178171301
3085,6.004877394
3086,7.856110749
3087,10.17017221
3088,10.35562334
3089,7.527269843
3090,9.325519678
3091,3.140756483
3092,9.378258876
3093,7.023157122
3094,7.823216716
3095,6.346282698
3096,-3.449092106
3097,9.386374325
3098,3.473400159
3099,10.35562334
3100,5.681309365
3101,6.190572844
3102,10.17017221
3103,1.106020743
3104,-2.094613963
3105,8.537528339
3106,9.510970806
3107,7.651572545
3108,9.378258876
3109,10.17017221
3110,9.159913715
3111,5.292548795
3112,2.51124299
3113,9.76729127
3114,6.874793481
3115,10.35562334
3116,6.128772639
3117,8.041561877
3118,7.856110749
3119,9.660230264
3120,10.35562334
3121,9.507673169
3122,5.372490519
3123,3.800754185
3124,4.777433408
3125,10.17017221
3126,1.982659185
3127,6.062054368
3128,-3.941380895
3129,4.604074656
3130,5.801418614
3131,7.684466578
3132,-5.067944101
3133,8.041561877
3134,6.180603713
3135,7.023157122
3136,7.684466578
3137,6.019763775
3138,3.333801972
3139,10.17017221
3140,9.693124297
3141,9.325519678
3142,10.20306624
3143,9.693124297
3144,8.504634306
3145,5.200846347
3146,10.20306624
3147,5.835562947
3148,7.68655198
3149,8.861201586
3150,3.349857314
3151,8.538363441
3152,4.823219049
3153,9.192807748
3154,10.35562334
3155,10.20306624
3156,6.355546489
3157,7.072312864
3158,7.914526942
3159,6.894638646
3160,2.092910607
3161,7.823216716
3162,8.352077211
3163,9.079546747
3164,8.008667844
3165,3.480586219
3166,0.339769492
3167,8.190664701
3168,5.175111242
3169,-1.250133052
3170,8.688695027
3171,8.008667844
3172,4.869384438
3173,2.909789626
3174,7.917137339
3175,10.20306624
3176,0.241921574
3177,8.041561877
3178,10.35562334
3179,8.319183178
3180,7.527269843
3181,-1.742114022
3182,9.419268358
3183,9.800185304
3184,9.693124297
3185,6.327764047
3186,2.839839573
3187,7.651572545
3188,6.157678811
3189,-0.256982965
3190,10.35562334
3191,10.17017221
3192,8.352912313
3193,6.053908108
3194,5.820261368
3195,9.378258876
3196,0.748925444
3197,5.008670177
3198,1.821819247
3199,9.386374325
3200,4.30752488
3201,10.35562334
3202,6.111526937
3203,4.168774742
3204,8.011820603
3205,6.55802083
3206,10.17017221
3207,2.573374593
3208,6.401428674
3209,-3.007320514
3210,7.031303382
3211,7.072312864
3212,10.17017221
3213,3.487112829
3214,10.20306624
3215,10.35562334
3216,7.97892657
3217,8.041561877
3218,10.35562334
3219,7.719446013
3220,9.200923197
3221,4.46364219
3222,3.153809178
3223,4.774315704
3224,8.352912313
3225,8.041561877
3226,7.869917706
3227,8.848471765
3228,4.33594502
3229,10.17017221
3230,3.833648218
3231,9.378258876
3232,8.352077211
3233,8.537528339
3234,5.678672065
3235,5.833477545
3236,1.777752775
3237,6.745768479
3238,6.295705116
3239,7.823216716
3240,8.164377698
3241,9.159913715
3242,0.293133362
3243,9.419268358
3244,10.17017221
3245,10.17017221
3246,9.23381723
3247,8.874146155
3248,-4.801307805
3249,3.214570283
3250,4.458691568
3251,10.20306624
3252,9.386374325
3253,4.512703715
3254,10.20306624
3255,10.17017221
3256,10.20306624
3257,4.485255262
3258,8.041561877
3259,10.35562334
3260,4.16820217
3261,9.764680873
3262,9.23381723
3263,10.37089025
3264,7.025265173
3265,5.386297475
3266,-3.038497753
3267,7.856110749
3268,9.419268358
3269,6.190572844
3270,10.35562334
3271,-5.705542154
3272,3.615303057
3273,10.35562334
3274,6.300824266
3275,10.35562334
3276,5.298495489
3277,-1.285637483
3278,-0.8984639
3279,6.506116733
3280,7.904897141
3281,3.133262604
3282,6.322652456
3283,0.178094452
3284,3.162157801
3285,10.17017221
3286,10.20306624
3287,8.008667844
3288,2.976706673
3289,9.23381723
3290,9.345364843
3291,2.106717563
3292,7.568279325
3293,-0.900235633
3294,9.23381723
3295,10.17017221
3296,3.366203276
3297,8.008667844
3298,9.510970806
3299,10.35562334
3300,8.815577731
3301,8.537528339
3302,9.192807748
3303,1.483648041
3304,9.985636432
3305,8.041561877
3306,4.864228531
3307,8.011820603
3308,7.072312864
3309,-0.72080083
3310,2.858434018
3311,10.35562334
3312,5.850316237
3313,10.17017221
3314,5.986869741
3315,10.35562334
3316,2.038713285
3317,-2.501436594
3318,6.998409348
3319,9.378258876
3320,4.313170497
3321,10.20306624
3322,-2.235762826
3323,8.874146155
3324,-0.153367458
3325,10.20306624
3326,10.20306624
3327,10.35562334
3328,6.021849177
3329,7.684466578
3330,4.608709741
3331,5.337511083
3332,6.137201328
3333,-5.088059804
3334,7.869917706
3335,10.35562334
3336,9.419268358
3337,7.856110749
3338,10.20306624
3339,8.445590824
3340,6.9654238
3341,2.143550682
3342,10.20306624
3343,8.688695027
3344,7.001562108
3345,0.672275012
3346,5.972227683
3347,8.041561877
3348,2.858434018
3349,1.652260478
3350,7.072312864
3351,-2.963498036
3352,2.119839454
3353,2.422007084
3354,8.029493622
3355,-4.082558406
3356,10.17017221
3357,10.35562334
3358,10.35562334
3359,8.352077211
3360,10.20306624
3361,10.17017221
3362,5.801418614
3363,0.009821872
3364,6.683452413
3365,8.33895532
3366,7.651572545
3367,4.018303049
3368,3.863497569
3369,7.869917706
3370,8.647779761
3371,8.041561877
3372,10.17017221
3373,7.382828197
3374,9.419268358
3375,1.141848228
3376,10.17017221
3377,5.850316237
3378,9.200923197
3379,10.17017221
3380,4.000569761
3381,10.21833316
3382,1.303147535
3383,8.504634306
3384,6.50192328
3385,10.35562334
3386,10.17017221
3387,7.638680937
3388,9.419268358
3389,10.35562334
3390,6.190572844
3391,8.504634306
3392,7.684466578
3393,10.17017221
3394,4.336480016
3395,-2.057497829
3396,3.629110013
3397,8.688695027
3398,5.490068178
3399,8.319183178
3400,8.041561877
3401,7.127823641
3402,1.976344286
3403,8.504634306
3404,6.012992842
3405,10.17017221
3406,4.840057741
3407,8.663020637
3408,5.632506072
3409,2.823389722
3410,-1.511219541
3411,10.35562334
3412,7.837023673
3413,8.352077211
3414,10.35562334
3415,5.337511083
3416,5.995152585
3417,10.35562334
3418,8.008667844
3419,9.543864839
3420,6.469029247
3421,9.419268358
3422,9.510970806
3423,10.35562334
3424,5.451052583
3425,7.651572545
3426,8.537528339
3427,2.96534695
3428,-1.168571679
3429,5.049679659
3430,10.35562334
3431,5.664865109
3432,7.684466578
3433,2.800907331
3434,-3.749582145
3435,8.874146155
3436,-0.085839907
3437,10.35562334
3438,1.795405933
3439,9.510970806
3440,10.17017221
3441,5.522962211
3442,5.014635363
3443,10.17017221
3444,10.35562334
3445,6.14770968
3446,7.872003108
3447,2.47314585
3448,5.601996453
3449,5.055644845
3450,8.952922374
3451,5.972227683
3452,10.35562334
3453,9.419268358
3454,6.062054368
3455,8.170731848
3456,10.35562334
3457,7.86388766
3458,0.778666718
3459,2.826047696
3460,9.378258876
3461,10.17017221
3462,3.33171657
3463,5.493220937
3464,10.37089025
3465,8.041561877
3466,8.041561877
3467,7.904897141
3468,10.20306624
3469,3.639914247
3470,8.874146155
3471,7.528104945
3472,10.17017221
3473,8.538363441
3474,6.190572844
3475,10.20306624
3476,9.660230264
3477,-2.198602317
3478,1.166757933
3479,4.472498525
3480,6.355546489
3481,10.20306624
3482,-2.782113791
3483,8.874146155
3484,5.3243707
3485,7.98528072
3486,3.940728388
3487,10.35562334
3488,8.538363441
3489,9.419268358
3490,0.612987733
3491,9.345364843
3492,10.20306624
3493,10.35562334
3494,8.041561877
3495,5.972818462
3496,8.041561877
3497,10.35562334
3498,-3.462616032
3499,2.051289064
3500,6.674208082
3501,7.904897141
3502,10.17017221
3503,8.866124922
3504,10.35562334
3505,10.35562334
3506,7.535385292
3507,6.329872098
3508,7.869917706
3509,4.994863221
3510,7.872003108
3511,10.35562334
3512,10.20306624
3513,10.17017221
3514,10.17017221
3515,9.419268358
3516,9.693124297
3517,8.537528339
3518,9.325519678
3519,-2.723858162
3520,9.23381723
3521,10.35562334
3522,-0.567999413
3523,7.869917706
3524,3.65188369
3525,8.041561877
3526,7.97892657
3527,8.874146155
3528,7.872003108
3529,7.025265173
3530,5.462285736
3531,4.482962441
3532,10.35562334
3533,2.157601961
3534,9.159913715
3535,2.747001789
3536,-1.383637696
3537,7.535385292
3538,6.52719066
3539,-3.210669123
3540,10.35562334
3541,10.20306624
3542,5.851686335
3543,8.008667844
3544,10.40378429
3545,7.856110749
3546,9.419268358
3547,10.35562334
3548,10.35562334
3549,10.17017221
3550,8.841252122
3551,5.398537673
3552,9.419268358
3553,7.468984623
3554,10.35562334
3555,9.419268358
3556,-0.882804119
3557,10.35562334
3558,2.012915992
3559,8.537528339
3560,8.008667844
3561,7.719446013
3562,7.501878656
3563,9.325519678
3564,6.180603713
3565,10.20306624
3566,-6.475249909
3567,5.834312647
3568,5.490068178
3569,10.35562334
3570,6.190572844
3571,6.867774659
3572,10.20306624
3573,8.190664701
3574,7.856110749
3575,10.35562334
3576,9.200923197
3577,10.20306624
3578,1.949765152
3579,7.856110749
3580,10.20306624
3581,5.200846347
3582,6.900668692
3583,6.998409348
3584,-1.344705454
3585,5.522962211
3586,8.505469408
3587,8.041561877
3588,10.35562334
3589,8.537528339
3590,-0.686412174
3591,6.886861736
3592,10.17017221
3593,10.35562334
3594,6.190572844
3595,9.23381723
3596,6.286848781
3597,7.856110749
3598,9.510970806
3599,5.180314349
3600,2.940842284
3601,7.467036765
3602,8.352077211
3603,9.378258876
3604,6.191407946
3605,5.188429797
3606,6.005121716
3607,9.660230264
3608,8.647779761
3609,10.17017221
3610,10.17017221
3611,6.341739532
3612,8.008667844
3613,1.18852489
3614,9.985636432
3615,9.419268358
3616,5.832659973
3617,1.147343466
3618,7.97892657
3619,9.159913715
3620,-1.544113575
3621,9.419268358
3622,-0.858056345
3623,-1.57909301
3624,10.35562334
3625,9.159913715
3626,9.660230264
3627,10.17017221
3628,5.490068178
3629,-0.253618016
3630,10.20306624
3631,6.519169428
3632,6.355546489
3633,7.837023673
3634,10.17017221
3635,-3.795119204
3636,8.041561877
3637,10.17017221
3638,8.688695027
3639,10.35562334
3640,10.20306624
3641,8.688695027
3642,10.35562334
3643,10.20306624
3644,-0.498779972
3645,9.325519678
3646,10.17017221
3647,10.35562334
3648,6.519169428
3649,1.131682826
3650,7.072312864
3651,10.35562334
3652,8.352077211
3653,3.359209769
3654,-0.04025071
3655,7.659981773
3656,0.972400689
3657,-1.047312011
3658,5.490068178
3659,9.419268358
3660,10.35562334
3661,10.35562334
3662,7.904897141
3663,10.20306624
3664,9.985636432
3665,10.35562334
3666,9.159913715
3667,7.536220394
3668,-3.112401268
3669,6.99237114
3670,3.03934198
3671,5.325143497
3672,10.17017221
3673,0.252958982
3674,9.378258876
3675,9.386374325
3676,1.797208057
3677,10.04879576
3678,7.568279325
3679,6.018928673
3680,6.05474321
3681,10.35562334
3682,6.886861736
3683,10.35562334
3684,8.537528339
3685,10.20306624
3686,3.807108334
3687,10.17017221
3688,5.986869741
3689,7.869917706
3690,5.167952314
3691,6.85965921
3692,9.345364843
3693,2.095518552
3694,8.008667844
3695,10.20306624
3696,10.35562334
3697,7.349934164
3698,2.676848953
3699,2.517273036
3700,10.20306624
3701,10.20306624
3702,9.23381723
3703,4.645415645
3704,4.201096203
3705,8.17875308
3706,6.186650849
3707,5.716294548
3708,8.866124922
3709,10.35562334
3710,2.605044561
3711,7.856110749
3712,-1.35426713
3713,7.988578356
3714,7.507424678
3715,7.568279325
3716,9.985636432
3717,-2.604683896
3718,8.688695027
3719,9.378258876
3720,6.900668692
3721,6.355546489
3722,7.904897141
3723,7.719446013
3724,3.642231904
3725,7.527269843
3726,6.85965921
3727,10.17017221
3728,10.35562334
3729,8.041561877
3730,8.504634306
3731,5.619238148
3732,8.409009863
3733,-2.023353496
3734,7.68655198
3735,5.850316237
3736,7.624625205
3737,8.041561877
3738,6.494296627
3739,3.854805137
3740,10.35562334
3741,10.35562334
3742,-0.373365291
3743,3.639079145
3744,7.904897141
3745,8.533606344
3746,10.20306624
3747,4.676201627
3748,9.23381723
3749,-1.182622958
3750,1.189188049
3751,4.039421163
3752,-3.396352908
3753,8.32001828
3754,9.23381723
3755,8.389164698
3756,9.378258876
3757,5.050514761
3758,8.008667844
3759,9.386374325
3760,0.299426797
3761,10.17017221
3762,6.137201328
3763,10.35562334
3764,4.15104579
3765,8.008667844
3766,5.800583512
3767,10.35562334
3768,9.386374325
3769,2.646054043
3770,10.17017221
3771,6.021014075
3772,10.17017221
3773,0.67056171
3774,-0.085839907
3775,3.800754185
3776,5.188429797
3777,8.197271731
3778,8.655800994
3779,2.360911404
3780,2.646382292
3781,8.874146155
3782,7.856110749
3783,10.20306624
3784,7.350769266
3785,7.872003108
3786,8.537528339
3787,7.434142732
3788,5.200846347
3789,-1.755299808
3790,10.20306624
3791,3.983323614
3792,10.20306624
3793,4.123385582
3794,5.835562947
3795,10.17017221
3796,9.358413711
3797,3.858320123
3798,10.17017221
3799,7.453229809
3800,5.122029128
3801,-2.90930929
3802,8.041561877
3803,8.574615826
3804,5.178460666
3805,10.35562334
3806,10.20306624
3807,8.319183178
3808,6.947888325
3809,5.528752271
3810,9.952742398
3811,5.02463955
3812,-2.111626396
3813,-0.538985163
3814,10.35562334
3815,5.460326904
3816,10.35562334
3817,5.86845698
3818,10.35562334
3819,2.935464016
3820,7.684466578
3821,10.17017221
3822,6.709187518
3823,10.35562334
3824,7.823216716
3825,4.368262069
3826,4.98327899
3827,9.419268358
3828,2.613488259
3829,-5.726327306
3830,-0.697352991
3831,9.325519678
3832,7.904897141
3833,0.970007786
3834,9.419268358
3835,5.353403442
3836,8.164377698
3837,3.317798383
3838,9.386374325
3839,7.837023673
3840,7.49437581
3841,8.170731848
3842,9.952742398
3843,10.17017221
3844,7.823216716
3845,-2.065347417
3846,10.40378429
3847,6.158513913
3848,4.676201627
3849,8.505469408
3850,8.011820603
3851,7.856110749
3852,6.005121716
3853,8.008667844
3854,8.505469408
3855,6.697590446
3856,10.35562334
3857,-2.058332931
3858,9.378258876
3859,10.20306624
3860,0.127454377
3861,10.20306624
3862,7.023157122
3863,9.378258876
3864,9.23381723
3865,-3.63043747
3866,6.34149521
3867,-2.069767903
3868,6.313388665
3869,2.081498062
3870,8.874146155
3871,9.23381723
3872,5.035872703
3873,9.419268358
3874,10.35562334
3875,5.098779548
3876,8.376115829
3877,0.778666718
3878,-3.730593191
3879,0.104193637
3880,10.17017221
3881,10.20306624
3882,10.35562334
3883,9.358413711
3884,9.419268358
3885,3.920418841
3886,9.257349323
3887,7.569114427
3888,6.709187518
3889,6.796790728
3890,10.20306624
3891,6.558855932
3892,10.20306624
3893,5.986869741
3894,6.16083157
3895,5.200846347
3896,7.97892657
3897,10.20306624
3898,5.522962211
3899,9.23381723
3900,-3.563399103
3901,6.439018507
3902,8.197271731
3903,7.568279325
3904,10.17017221
3905,0.944272681
3906,6.55802083
3907,9.204143228
3908,10.35562334
3909,7.872003108
3910,9.325519678
3911,3.536143544
3912,9.510970806
3913,10.35562334
3914,8.874146155
3915,10.17017221
3916,10.35562334
3917,-2.733793152
3918,-0.220396592
3919,1.795405933
3920,9.800185304
3921,6.019763775
3922,9.325519678
3923,-0.76137889
3924,2.641869517
3925,8.041561877
3926,6.287683883
3927,7.68655198
3928,9.23381723
3929,-1.546198977
3930,7.160717675
3931,10.35562334
3932,4.842459084
3933,8.537528339
3934,10.20306624
3935,10.20306624
3936,10.17017221
3937,1.810646809
3938,9.419268358
3939,7.025265173
3940,7.823216716
3941,5.446275624
3942,6.521695423
3943,8.688695027
3944,10.35562334
3945,8.041561877
3946,1.733647093
3947,3.790245833
3948,9.764680873
3949,-1.486375694
3950,7.684466578
3951,10.17017221
3952,7.97892657
3953,9.200923197
3954,5.477999923
3955,9.693124297
3956,10.35562334
3957,10.35562334
3958,8.352912313
3959,10.35562334
3960,7.904897141
3961,6.024893859
3962,4.018303049
3963,8.041561877
3964,6.3471178
3965,5.677115912
3966,2.628820649
3967,-3.574246786
3968,9.510970806
3969,1.407719838
3970,10.35562334
3971,8.008667844
3972,9.200923197
3973,6.900668692
3974,8.223558735
3975,8.32001828
3976,1.140157335
3977,9.419268358
3978,6.170095361
3979,7.326079315
3980,1.008443548
3981,2.811980794
3982,8.504634306
3983,4.8321696
3984,2.254880935
3985,10.20306624
3986,9.543864839
3987,7.947420975
3988,-0.270945117
3989,8.197271731
3990,-5.129069286
3991,3.322909974
3992,10.20306624
3993,7.383663299
3994,5.016785626
3995,8.33895532
3996,8.101753365
3997,-2.700899119
3998,7.196909345
3999,9.419268358
4000,0.099611221
4001,10.35562334
4002,7.856110749
4003,2.796306422
4004,0.768697587
4005,5.331481037
4006,8.319183178
4007,9.23381723
4008,10.35562334
4009,9.386374325
4010,1.422128722
4011,6.019763775
4012,6.331957501
4013,5.86845698
4014,6.364851534
4015,8.008667844
4016,5.972227683
4017,4.30752488
4018,5.833477545
4019,3.298822537
4020,8.171734885
4021,10.35562334
4022,5.22132383
4023,4.865063633
4024,7.527269843
4025,3.489442554
4026,7.856110749
4027,10.20306624
4028,6.95617947
4029,9.386374325
4030,6.829684761
4031,9.985636432
4032,10.20306624
4033,8.041561877
4034,2.582028144
4035,-0.340999659
4036,-5.64120324
4037,7.719446013
4038,9.543864839
4039,9.386374325
4040,7.684466578
4041,9.419268358
4042,-4.029819208
4043,8.688695027
4044,6.439018507
4045,1.156555626
4046,7.290890682
4047,10.17017221
4048,5.835562947
4049,-1.422781229
4050,9.693124297
4051,7.528104945
4052,7.837023673
4053,6.806920012
4054,4.990910414
4055,8.874146155
4056,9.192807748
4057,10.35562334
4058,10.35562334
4059,5.986869741
4060,1.507849643
4061,9.23381723
4062,9.192807748
4063,7.904897141
4064,4.018303049
4065,10.17017221
4066,10.35562334
4067,10.20306624
4068,7.837023673
4069,8.574615826
4070,9.543864839
4071,4.445989032
4072,3.935971291
4073,8.223558735
4074,8.537528339
4075,5.035872703
4076,1.323230723
4077,9.378258876
4078,1.263217478
4079,6.382504692
4080,7.856110749
4081,7.365201079
4082,6.52719066
4083,5.508910932
4084,8.008667844
4085,4.000675931
4086,6.949738258
4087,-5.459674108
4088,8.197271731
4089,9.23381723
4090,8.352077211
4091,5.99941906
4092,-1.763709036
4093,10.17017221
4094,-0.120980731
4095,6.85965921
4096,9.474779136
4097,7.823216716
4098,8.655800994
4099,10.20306624
4100,7.856110749
4101,5.631971075
4102,8.537528339
4103,2.51124299
4104,5.167952314
4105,9.325519678
4106,9.325519678
4107,2.601873309
4108,10.20306624
4109,9.419268358
4110,8.32001828
4111,3.488607452
4112,9.985636432
4113,5.657270747
4114,8.866124922
4115,5.337511083
4116,7.568279325
4117,7.837023673
4118,6.308845499
4119,6.021849177
4120,-1.545363875
4121,2.970644272
4122,10.35562334
4123,1.077522027
4124,8.32001828
4125,7.346168803
4126,10.35562334
4127,8.008667844
4128,3.800754185
4129,5.377033684
4130,0.125355253
4131,9.200923197
4132,6.053908108
4133,7.996599589
4134,0.266532764
4135,7.023157122
4136,6.062054368
4137,9.419268358
4138,2.380420643
4139,7.502016201
4140,10.17017221
4141,6.738893708
4142,8.537528339
4143,0.946152937
4144,9.419268358
4145,7.127823641
4146,2.655299341
4147,8.029493622
4148,7.031303382
4149,5.764604023
4150,-6.01772254
4151,-4.385447087
4152,8.874146155
4153,10.04879576
4154,10.20306624
4155,9.378258876
4156,9.23381723
4157,4.547683151
4158,10.20306624
4159,8.537528339
4160,8.041561877
4161,-2.700899119
4162,5.016785626
4163,3.506294193
4164,7.383663299
4165,-2.058332931
4166,5.972227683
4167,9.183218474
4168,10.35562334
4169,7.856110749
4170,0.588650182
4171,9.192807748
4172,5.86845698
4173,-1.801693432
4174,7.349934164
4175,-0.921674791
4176,3.000952709
4177,8.008667844
4178,10.20306624
4179,8.69098125
4180,3.349857314
4181,5.525047613
4182,0.635209511
4183,5.433517108
4184,1.447833504
4185,8.041561877
4186,0.471304144
4187,8.409009863
4188,4.490750499
4189,3.671973178
4190,10.17017221
4191,3.482712752
4192,10.35562334
4193,9.507673169
4194,-1.680080712
4195,10.17017221
4196,10.20306624
4197,3.596784406
4198,3.33171657
4199,9.378258876
4200,10.17017221
4201,7.949196271
4202,8.319183178
4203,2.47314585
4204,7.023157122
4205,10.20306624
4206,7.719446013
4207,3.506294193
4208,10.20306624
4209,8.319183178
4210,0.304790056
4211,8.041561877
4212,4.81844289
4213,8.574615826
4214,9.510970806
4215,-2.090391862
4216,10.35562334
4217,3.809999483
4218,10.35562334
4219,10.17017221
4220,7.904897141
4221,8.008667844
4222,8.164377698
4223,0.785147437
4224,4.505392558
4225,10.20306624
4226,7.040532089
4227,10.35562334
4228,3.264926093
4229,7.031303382
4230,8.352077211
4231,6.982241856
4232,3.105777048
4233,8.319183178
4234,5.986869741
4235,10.17017221
4236,2.933716939
4237,10.35562334
4238,9.419268358
4239,5.200846347
4240,3.67280828
4241,7.823216716
4242,10.20306624
4243,6.690732759
4244,6.173996683
4245,-7.670959533
4246,10.35562334
4247,4.30752488
4248,9.200923197
4249,5.282419511
4250,7.869917706
4251,4.677097444
4252,9.378258876
4253,1.073442651
4254,9.419268358
4255,3.317665291
4256,2.517273036
4257,-2.841158206
4258,4.273320687
4259,7.675248688
4260,10.20306624
4261,7.027350575
4262,4.141010793
4263,8.008667844
4264,10.20306624
4265,9.378258876
4266,8.197271731
4267,7.502016201
4268,5.477999923
4269,6.313388665
4270,10.20306624
4271,10.35562334
4272,2.16548317
4273,7.837023673
4274,10.17017221
4275,6.682900514
4276,3.440487634
4277,9.543864839
4278,3.467445836
4279,6.81295822
4280,9.985636432
4281,7.68655198
4282,9.419268358
4283,0.441329695
4284,5.002978669
4285,8.680673794
4286,1.128333402
4287,7.349934164
4288,8.041561877
4289,2.254880935
4290,-4.018111118
4291,8.041561877
4292,7.837023673
4293,6.190572844
4294,7.996599589
4295,8.008667844
4296,2.914917442
4297,10.35562334
4298,10.35562334
4299,5.680757467
4300,-2.268656859
4301,5.8282826
4302,0.953390626
4303,-0.428860311
4304,8.041561877
4305,9.800185304
4306,10.35562334
4307,-3.94677929
4308,9.693124297
4309,7.187013236
4310,7.023992224
4311,6.341739532
4312,8.537528339
4313,7.869917706
4314,5.869292082
4315,8.409009863
4316,9.23381723
4317,7.68655198
4318,8.537528339
4319,10.17017221
4320,8.574615826
4321,9.985636432
4322,10.20306624
4323,7.869917706
4324,0.003151676
4325,5.164981958
4326,5.972227683
4327,10.20306624
4328,10.35562334
4329,7.869917706
4330,7.86388766
4331,3.475467069
4332,6.826765177
4333,0.674896015
4334,6.018928673
4335,2.807856436
4336,9.419268358
4337,10.35562334
4338,5.986869741
4339,5.188429797
4340,7.856110749
4341,8.841252122
4342,8.008667844
4343,5.525047613
4344,10.35562334
4345,7.684466578
4346,4.956766081
4347,2.96835805
4348,4.636121463
4349,3.893471501
4350,1.447833504
4351,7.837023673
4352,2.640088857
4353,9.200923197
4354,9.345364843
4355,6.519169428
4356,5.035872703
4357,7.535385292
4358,9.23381723
4359,8.874146155
4360,10.20306624
4361,7.536220394
4362,3.442394864
4363,8.537528339
4364,9.23381723
4365,8.02147239
4366,4.646460353
4367,7.189791547
4368,7.856110749
4369,9.985636432
4370,-6.260610016
4371,10.20306624
4372,6.191407946
4373,-5.413167564
4374,9.419268358
4375,8.409009863
4376,5.834312647
4377,3.543454702
4378,3.393278157
4379,8.505469408
4380,10.17017221
4381,3.66080074
4382,8.041561877
4383,7.684466578
4384,10.35562334
4385,7.072312864
4386,6.042209203
4387,-6.577558221
4388,7.569114427
4389,6.947053223
4390,10.35562334
4391,5.165877775
4392,6.900668692
4393,10.40378429
4394,8.504634306
4395,8.041561877
4396,10.20306624
4397,7.516389138
4398,6.005121716
4399,9.358413711
4400,10.20306624
4401,9.952742398
4402,6.841899447
4403,8.874146155
4404,-5.899818304
4405,7.904897141
4406,10.35562334
4407,10.35562334
4408,9.200923197
4409,5.298587003
4410,9.200923197
4411,10.35562334
4412,10.35562334
4413,2.10093184
4414,9.419268358
4415,10.35562334
4416,4.801125499
4417,-2.571789863
4418,7.837023673
4419,-0.855273345
4420,7.382828197
4421,10.35562334
4422,0.251185365
4423,6.874793481
4424,2.517273036
4425,7.024052939
4426,8.815577731
4427,7.856110749
4428,6.85965921
4429,10.35562334
4430,9.543864839
4431,-2.598085424
4432,7.568279325
4433,0.944272681
4434,10.35562334
4435,0.287103316
4436,3.671973178
4437,10.20306624
4438,8.409009863
4439,6.146445658
4440,-8.006056216
4441,4.267411214
4442,5.996174786
4443,6.021014075
4444,2.640923959
4445,8.33895532
4446,-1.354022807
4447,10.35562334
4448,10.01590173
4449,-0.754285643
4450,10.35562334
4451,8.041561877
4452,-1.817580222
4453,1.67933151
4454,7.196909345
4455,9.23381723
4456,9.419268358
4457,-1.541187323
4458,9.419268358
4459,8.538363441
4460,5.292548795
4461,3.488607452
4462,1.986925661
4463,0.786949561
4464,3.454463119
4465,7.651572545
4466,-0.721391609
4467,10.20306624
4468,10.20306624
4469,1.895813546
4470,5.972227683
4471,-5.832483594
4472,7.025265173
4473,10.20306624
4474,8.537528339
4475,4.265299454
4476,-1.57909301
4477,10.35562334
4478,10.35562334
4479,10.35562334
4480,6.52719066
4481,3.03934198
4482,8.874146155
4483,-5.572056822
4484,1.454866121
4485,1.811850116
4486,9.543864839
4487,10.20306624
4488,-0.442019858
4489,10.17017221
4490,8.352077211
4491,8.197271731
4492,8.538363441
4493,10.20306624
4494,-0.073236258
4495,7.692875806
4496,7.167168071
4497,8.008667844
4498,3.64819709
4499,6.674208082
4500,9.660230264
4501,8.471265215
4502,10.35562334
4503,6.826765177
4504,10.20306624
4505,8.815577731
4506,8.537528339
4507,5.002978669
4508,-0.402320427
4509,5.291476667
4510,7.535385292
4511,8.352077211
4512,10.35562334
4513,7.475365747
4514,9.419268358
4515,9.419268358
4516,9.200923197
4517,4.956766081
4518,-0.62428057
4519,7.535385292
4520,5.353403442
4521,6.55802083
4522,-0.225030639
4523,10.35562334
4524,5.276834608
4525,10.20306624
4526,-7.144088339
4527,9.985636432
4528,10.35562334
4529,8.197271731
4530,7.97892657
4531,7.823216716
4532,7.837023673
4533,-0.769814476
4534,8.32001828
4535,6.157678811
4536,6.845852254
4537,4.144163552
4538,10.17017221
4539,7.684466578
4540,9.952742398
4541,6.525126796
4542,8.197806728
4543,8.197271731
4544,7.341818715
4545,10.17017221
4546,9.419268358
4547,1.166757933
4548,8.538363441
4549,4.069617584
4550,5.490068178
4551,5.850316237
4552,5.122029128
4553,5.678672065
4554,7.072312864
4555,3.67280828
4556,10.37089025
4557,1.515706973
4558,7.68655198
4559,5.522962211
4560,5.86845698
4561,7.383663299
4562,10.35562334
4563,8.688695027
4564,6.158513913
4565,5.973062785
4566,8.874146155
4567,-0.877753242
4568,10.20306624
4569,-3.237905873
4570,4.520819164
4571,7.015135889
4572,3.959734625
4573,5.734320387
4574,6.157678811
4575,8.041561877
4576,2.463141664
4577,4.589371883
4578,10.35562334
4579,7.719446013
4580,5.272912613
4581,5.522962211
4582,7.719446013
4583,6.519169428
4584,9.985636432
4585,1.764314024
4586,6.315820819
4587,7.031303382
4588,-6.942970833
4589,8.186398226
4590,6.989073503
4591,10.35562334
4592,6.019824489
4593,0.766615073
4594,8.352077211
4595,7.651572545
4596,7.684466578
4597,10.35562334
4598,3.884166456
4599,0.170073219
4600,10.35562334
4601,10.18543913
4602,10.35562334
4603,10.20306624
4604,7.719446013
4605,7.469122167
4606,9.23381723
4607,10.35562334
4608,10.17017221
4609,9.23381723
4610,-3.026746843
4611,7.684466578
4612,7.869917706
4613,5.664865109
4614,9.386374325
4615,3.685357599
4616,8.165747796
4617,8.315261182
4618,5.264766353
4619,7.568279325
4620,7.349934164
4621,9.419268358
4622,9.23381723
4623,8.041561877
4624,3.766148357
4625,4.614739787
4626,5.627259381
4627,6.14770968
4628,8.955532771
4629,4.988825012
4630,2.97515052
4631,8.352077211
4632,10.17017221
4633,6.886861736
4634,0.057398432
4635,10.20306624
4636,9.386374325
4637,-3.227345963
4638,7.684466578
4639,8.445590824
4640,4.296352441
4641,9.543864839
4642,8.680673794
4643,6.715217564
4644,8.537528339
4645,-4.349097742
4646,3.780982042
4647,10.40378429
4648,7.872003108
4649,6.190572844
4650,10.17017221
4651,9.76729127
4652,3.800754185
4653,7.072312864
4654,8.574615826
4655,5.016785626
4656,5.490068178
4657,-5.747261209
4658,4.018303049
4659,9.510970806
4660,4.505453272
4661,-4.081650282
4662,7.823216716
4663,0.583246459
4664,6.991098191
4665,7.475365747
4666,7.904897141
4667,7.719446013
4668,9.708391213
4669,10.20306624
4670,5.714186497
4671,5.960159428
4672,9.419268358
4673,1.622411126
4674,10.35562334
4675,7.855866427
4676,8.008667844
4677,10.35562334
4678,6.018928673
4679,7.692875806
4680,7.842135264
4681,7.856110749
4682,1.592669852
4683,6.190572844
4684,10.37089025
4685,0.138862879
4686,8.874146155
4687,1.033357398
4688,-0.902736973
4689,3.316963281
4690,0.994917343
4691,-0.416371707
4692,8.538363441
4693,7.904897141
4694,6.053908108
4695,10.35562334
4696,7.684466578
4697,10.35562334
4698,7.127823641
4699,8.505469408
4700,-2.082370629
4701,8.041561877
4702,4.947286661
4703,7.382828197
4704,10.35562334
4705,10.35562334
4706,-2.493272803
4707,10.20306624
4708,2.658596978
4709,8.445590824
4710,1.178383816
4711,9.378258876
4712,4.637812356
4713,2.652347478
4714,2.864399204
4715,8.537528339
4716,6.190572844
4717,10.35562334
4718,5.441808253
4719,-2.777763704
4720,7.856110749
4721,9.419268358
4722,-0.567999413
4723,7.869917706
4724,9.192807748
4725,6.486275394
4726,10.17017221
4727,10.20306624
4728,8.815577731
4729,8.848471765
4730,10.20306624
4731,9.200923197
4732,3.358003574
4733,7.684466578
4734,8.866124922
4735,9.419268358
4736,0.603839062
4737,10.35562334
4738,8.505469408
4739,8.537528339
4740,7.719446013
4741,9.419268358
4742,-0.345320464
4743,7.904897141
4744,7.693710908
4745,10.17017221
4746,10.35562334
4747,10.17017221
4748,9.693124297
4749,-3.579718634
4750,8.841252122
4751,5.522962211
4752,8.041561877
4753,7.027350575
4754,3.719192811
4755,3.660740025
4756,0.526117364
4757,10.35562334
4758,3.67405858
4759,10.20306624
4760,7.535385292
4761,4.67070639
4762,6.867774659
4763,10.20306624
4764,-0.105402042
4765,2.12554303
4766,8.041561877
4767,5.238613084
4768,10.20306624
4769,-3.019560712
4770,9.543864839
4771,1.499703383
4772,7.869917706
4773,-2.20210152
4774,5.050514761
4775,6.497787752
4776,5.869292082
4777,9.345364843
4778,9.200923197
4779,7.809241231
4780,5.188429797
4781,6.005121716
4782,8.008667844
4783,10.20306624
4784,5.411194191
4785,10.20306624
4786,7.141630598
4787,5.518717274
4788,8.008667844
4789,6.900668692
4790,4.831911481
4791,3.33171657
4792,7.141630598
4793,8.041561877
4794,2.339598818
4795,9.200923197
4796,8.866124922
4797,10.35562334
4798,8.538363441
4799,4.553713197
4800,6.900668692
4801,10.20306624
4802,10.17017221
4803,4.643307594
4804,10.20306624
4805,6.005121716
4806,8.008667844
4807,8.352077211
4808,8.32001828
4809,8.041561877
4810,-0.0555831
4811,9.510970806
4812,7.837023673
4813,4.30752488
4814,0.10880801
4815,8.041561877
4816,7.684466578
4817,10.17017221
4818,6.674208082
4819,1.235117691
4820,4.637812356
4821,9.200923197
4822,10.35562334
4823,-2.90930929
4824,2.788285189
4825,10.20306624
4826,10.17017221
4827,10.35562334
4828,2.868387922
4829,3.33171657
4830,6.019763775
4831,8.186398226
4832,10.17017221
4833,10.35562334
4834,10.35562334
4835,-0.626379694
4836,4.637812356
4837,5.869292082
4838,6.157678811
4839,6.85965921
4840,7.475365747
4841,7.872003108
4842,10.35562334
4843,10.35562334
4844,3.03934198
4845,9.419268358
4846,9.378258876
4847,10.35562334
4848,-2.996139035
4849,3.853970035
4850,-2.610062164
4851,9.386374325
4852,4.472498525
4853,7.872003108
4854,8.537528339
4855,1.12571764
4856,2.485791088
4857,9.660230264
4858,5.991999826
4859,5.33726676
4860,-2.876415257
4861,3.316963281
4862,-0.568834515
4863,10.35562334
4864,-2.735057174
4865,10.17017221
4866,10.35562334
4867,10.20306624
4868,8.538363441
4869,-0.578119769
4870,6.845852254
4871,9.952742398
4872,-0.219094808
4873,2.758825721
4874,8.538363441
4875,4.423258613
4876,-1.004435331
4877,9.419268358
4878,10.17017221
4879,9.543864839
4880,10.17017221
4881,7.823216716
4882,9.23381723
4883,4.989838286
4884,5.834312647
4885,3.317798383
4886,3.884166456
4887,8.029493622
4888,3.111815256
4889,8.041561877
4890,3.63597535
4891,10.35562334
4892,6.3337183
4893,4.110005497
4894,9.378258876
4895,7.168538169
4896,-0.369426394
4897,-6.034779136
4898,-4.72740429
4899,8.688695027
4900,8.866124922
4901,8.574615826
4902,3.64819709
4903,8.537528339
4904,8.983493384
4905,4.19122017
4906,10.35562334
4907,5.096899292
4908,1.777800186
4909,10.17017221
4910,8.0123556
4911,7.949196271
4912,5.160469184
4913,6.796790728
4914,8.688695027
4915,10.35562334
4916,4.000569761
4917,10.35562334
4918,8.008667844
4919,6.180603713
4920,7.837023673
4921,7.568279325
4922,8.041561877
4923,4.636121463
4924,10.35562334
4925,6.486275394
4926,6.190572844
4927,8.02147239
4928,6.300824266
4929,-3.355343426
4930,6.158513913
4931,1.914417511
4932,10.35562334
4933,9.419268358
4934,8.504634306
4935,1.415597561
4936,3.488607452
4937,-3.286936588
4938,10.17017221
4939,9.386374325
4940,2.484379003
4941,8.874146155
4942,8.833230889
4943,-2.267433762
4944,9.510970806
4945,4.129332276
4946,-4.490364379
4947,10.17017221
4948,8.137837814
4949,8.688695027
4950,6.158513913
4951,8.137837814
4952,4.514789118
4953,4.398244558
4954,10.35562334
4955,8.041561877
4956,7.176610033
4957,4.55388514
4958,-2.479191599
4959,6.018928673
4960,4.994863221
4961,8.841252122
4962,7.904897141
4963,7.872003108
4964,3.833648218
4965,4.807163707
4966,10.35562334
4967,6.85965921
4968,1.966215002
4969,10.35562334
4970,1.315048552
4971,8.0123556
4972,8.874146155
4973,8.815577731
4974,5.002978669
4975,2.796306422
4976,-6.465114792
4977,10.35562334
4978,-3.63043747
4979,5.210090678
4980,9.378258876
4981,10.20306624
4982,10.20306624
4983,7.830993626
4984,8.655800994
4985,7.651572545
4986,1.18681031
4987,8.848471765
4988,3.443658885
4989,5.499213532
4990,0.089754362
4991,3.361200768
4992,10.35562334
4993,9.378258876
4994,3.559551426
4995,8.688695027
4996,5.431431706
4997,5.810723658
4998,6.738749657
4999,-0.537204503
5000,9.386374325
5001,10.20306624
5002,3.987517067
5003,5.98603464
5004,4.746568617
5005,2.736872505
5006,6.180603713
5007,8.041561877
5008,2.950106075
5009,10.35562334
5010,8.537528339
5011,7.856110749
5012,10.20306624
5013,-1.250587942
5014,10.17017221
5015,6.157678811
5016,10.35562334
5017,8.537528339
5018,7.475365747
5019,4.990910414
5020,10.35562334
5021,10.35562334
5022,6.190572844
5023,10.35562334
5024,-2.013151189
5025,5.801418614
5026,7.856110749
5027,6.356830301
5028,10.35562334
5029,10.35562334
5030,5.557941647
5031,7.869917706
5032,10.20306624
5033,8.041561877
5034,5.150500052
5035,4.796290202
5036,7.68655198
5037,8.041561877
5038,10.20306624
5039,6.900668692
5040,10.35562334
5041,6.900668692
5042,8.538363441
5043,0.470469042
5044,5.801418614
5045,2.007503032
5046,2.229694395
5047,7.023157122
5048,7.86388766
5049,4.512703715
5050,10.35562334
5051,9.378258876
5052,10.20306624
5053,7.844042495
5054,0.896012756
5055,2.070264909
5056,10.35562334
5057,6.85965921
5058,9.358413711
5059,7.869917706
5060,8.874146155
5061,10.35562334
5062,8.504634306
5063,8.537528339
5064,7.917137339
5065,2.583605059
5066,2.774328197
5067,-1.544113575
5068,9.325519678
5069,9.386374325
5070,3.33171657
5071,10.35562334
5072,6.341739532
5073,9.23381723
5074,0.593142568
5075,3.105777048
5076,4.267411214
5077,9.200923197
5078,1.845673655
5079,7.217149212
5080,-0.750976175
5081,10.20306624
5082,9.419268358
5083,3.659904923
5084,7.904897141
5085,10.20306624
5086,2.10364791
5087,7.668946233
5088,9.192807748
5089,6.065741296
5090,4.170860144
5091,4.827569136
5092,3.627845992
5093,6.95346367
5094,4.72469421
5095,8.505530122
5096,8.537528339
5097,-3.257160259
5098,-0.554877522
5099,4.955930979
5100,7.904897141
5101,10.35562334
5102,-6.490760769
5103,6.063598623
5104,7.382828197
5105,8.841252122
5106,6.841899447
5107,1.797208057
5108,4.95465803
5109,7.383663299
5110,5.141004974
5111,3.66080074
5112,7.535385292
5113,7.350769266
5114,6.52719066
5115,2.618618343
5116,6.302515159
5117,7.719446013
5118,7.031303382
5119,8.352912313
5120,10.35562334
5121,3.503249511
5122,10.17017221
5123,7.794390791
5124,-2.383601554
5125,5.326456102
5126,6.867774659
5127,6.372569702
5128,2.691491011
5129,-0.5102463
5130,1.013410171
5131,8.504634306
5132,4.622247576
5133,0.403723967
5134,10.35562334
5135,-2.733793152
5136,10.20306624
5137,7.651572545
5138,-4.247329267
5139,-4.247329267
5140,9.386374325
5141,-6.610452254
5142,8.041561877
5143,2.363002553
5144,7.031303382
5145,9.192807748
5146,8.041561877
5147,7.072312864
5148,3.583633089
5149,5.180314349
5150,10.35562334
5151,10.35562334
5152,3.639914247
5153,4.95465803
5154,1.950600254
5155,1.441134959
5156,7.660816875
5157,8.538363441
5158,8.537528339
5159,8.041561877
5160,10.17017221
5161,-4.910629909
5162,8.197271731
5163,9.419268358
5164,5.834312647
5165,8.041561877
5166,10.20306624
5167,10.17017221
5168,9.200923197
5169,7.872003108
5170,1.966215002
5171,0.47858449
5172,-0.202650551
5173,0.581147335
5174,7.767850907
5175,7.68655198
5176,5.170345217
5177,5.22132383
5178,0.449350927
5179,6.227660331
5180,-2.380448795
5181,8.505469408
5182,2.719734799
5183,9.510970806
5184,5.298495489
5185,6.053908108
5186,3.652463566
5187,1.086175578
5188,3.298822537
5189,9.378258876
5190,8.874146155
5191,7.994193485
5192,9.419268358
5193,10.17017221
5194,8.874146155
5195,10.35562334
5196,7.993301952
5197,9.543864839
5198,9.419268358
5199,9.325519678
5200,10.35562334
5201,9.543864839
5202,9.952742398
5203,8.041561877
5204,1.164576859
5205,4.950522501
5206,2.189267232
5207,10.20306624
5208,0.973235791
5209,7.856110749
5210,10.35562334
5211,6.991098191
5212,9.543864839
5213,9.23381723
5214,6.313388665
5215,8.541721792
5216,5.631971075
5217,6.347525256
5218,6.826765177
5219,-4.747712207
5220,9.23381723
5221,6.867774659
5222,5.806548698
5223,8.505469408
5224,9.800185304
5225,7.024052939
5226,8.041561877
5227,2.983000108
5228,7.645542498
5229,5.372490519
5230,9.543864839
5231,5.660153414
5232,5.135348186
5233,10.17017221
5234,8.688695027
5235,-2.418988446
5236,7.024052939
5237,7.823216716
5238,8.537528339
5239,7.651572545
5240,6.486275394
5241,6.806920012
5242,7.872003108
5243,3.985409016
5244,6.191407946
5245,4.343777264
5246,10.20306624
5247,5.836398049
5248,9.419268358
5249,0.435393935
5250,10.17017221
5251,10.35562334
5252,-4.869714643
5253,2.803099339
5254,8.537528339
5255,6.190572844
5256,7.837023673
5257,10.20306624
5258,7.651572545
5259,8.041561877
5260,8.874146155
5261,10.20306624
5262,-0.007356676
5263,8.504634306
5264,9.543864839
5265,10.35562334
5266,9.660230264
5267,3.365959332
5268,8.409009863
5269,10.35562334
5270,2.485214105
5271,7.68655198
5272,9.378258876
5273,4.169670558
5274,0.807086858
5275,6.47191254
5276,9.419268358
5277,7.34134623
5278,7.031303382
5279,8.137837814
5280,9.419268358
5281,7.527269843
5282,5.434790057
5283,8.041561877
5284,5.325985799
5285,9.419268358
5286,8.008667844
5287,6.157678811
5288,7.072312864
5289,8.504634306
5290,10.20306624
5291,5.817422203
5292,5.291476667
5293,9.510970806
5294,6.85965921
5295,10.35562334
5296,8.537528339
5297,8.356270664
5298,10.17017221
5299,5.325143497
5300,7.568279325
5301,5.209255576
5302,8.041561877
5303,5.835562947
5304,-4.018192544
5305,3.653969092
5306,10.35562334
5307,9.23381723
5308,4.287047397
5309,9.419268358
5310,7.568279325
5311,10.35562334
5312,5.004798211
5313,8.655800994
5314,9.200923197
5315,9.419268358
5316,10.17017221
5317,8.041561877
5318,9.23381723
5319,10.20306624
5320,10.35562334
5321,7.027350575
5322,8.041561877
5323,-6.448695264
5324,5.815850427
5325,8.352077211
5326,8.008667844
5327,9.693124297
5328,7.719446013
5329,8.041561877
5330,5.850316237
5331,10.17017221
5332,1.263541581
5333,9.693124297
5334,-1.359279388
5335,3.629110013
5336,-2.345551614
5337,7.904897141
5338,5.017620728
5339,10.17017221
5340,7.836021262
5341,10.20306624
5342,8.352077211
5343,1.823904649
5344,9.419268358
5345,6.900668692
5346,10.35562334
5347,8.537528339
5348,10.35562334
5349,7.072312864
5350,7.71142478
5351,4.745374477
5352,6.190572844
5353,5.801418614
5354,10.20306624
5355,8.874146155
5356,-0.199322665
5357,3.816809527
5358,10.35562334
5359,4.553713197
5360,9.386374325
5361,7.684466578
5362,10.17017221
5363,10.35562334
5364,8.352077211
5365,8.688695027
5366,8.537528339
5367,8.371849354
5368,9.386374325
5369,10.20306624
5370,7.904897141
5371,8.041561877
5372,10.35562334
5373,10.35562334
5374,6.982241856
5375,9.543864839
5376,7.68655198
5377,10.17017221
5378,8.197271731
5379,9.543864839
5380,8.504634306
5381,8.041561877
5382,7.095609514
5383,8.197271731
5384,6.287683883
5385,6.190572844
5386,-0.721391609
5387,1.597444039
5388,5.943401758
5389,7.719446013
5390,5.431431706
5391,-4.873636638
5392,8.041561877
5393,4.296720646
5394,9.200923197
5395,8.537528339
5396,8.889413071
5397,9.419268358
5398,5.645778032
5399,10.35562334
5400,10.20306624
5401,10.17017221
5402,6.053908108
5403,9.985636432
5404,10.17017221
5405,8.371849354
5406,5.489065767
5407,-1.625894091
5408,9.192807748
5409,5.557941647
5410,9.23381723
5411,7.844042495
5412,0.058007329
5413,10.17017221
5414,10.17017221
5415,8.504634306
5416,8.504634306
5417,8.833230889
5418,1.46680935
5419,6.99237114
5420,6.053908108
5421,6.27944259
5422,8.688695027
5423,8.041561877
5424,7.530196095
5425,7.837023673
5426,6.019763775
5427,3.204655812
5428,7.896875908
5429,1.315048552
5430,10.35562334
5431,8.041561877
5432,3.827683032
5433,-6.065424267
5434,5.973062785
5435,5.353403442
5436,6.018928673
5437,4.490750499
5438,7.837023673
5439,10.17017221
5440,7.023157122
5441,7.904897141
5442,6.062054368
5443,1.002901819
5444,-3.227345963
5445,3.521501486
5446,-4.873636638
5447,5.490068178
5448,5.836398049
5449,9.192807748
5450,8.537528339
5451,4.000569761
5452,5.986930456
5453,8.041561877
5454,10.20306624
5455,3.973622422
5456,-1.24061881
5457,10.35562334
5458,8.537528339
5459,10.35562334
5460,8.008667844
5461,3.488607452
5462,10.17017221
5463,5.986869741
5464,3.706952614
5465,3.349857314
5466,2.094966654
5467,4.154967785
5468,4.002655163
